create database "Hotel Management System"
go
use "Hotel Management System"

create table Hotel(Hotel_id varchar(10) primary key,
					Address varchar(50), 
					Contact varchar(15), 
					City varchar(10))
Insert Into Hotel
Values('H001','110A, New Muslim Town, Lahore', '042-35929642','Lahore') , ('H002','274/A Main Double Road F-10/4, Islamabad','051-94446001','Islamabad'),
	('H003','1-R/Block-2 PECHS, Karachi', '021-34811784','Karachi'), ('H004','52/B2, johar town, Lahore','042-35255779','Lahore');

create table Department(DeptID varchar(10) primary key,	
			DeptName varchar(15), 
			HotelID varchar(10) foreign key references Hotel(Hotel_id));
Insert Into Department
Values('D1001','Cleaning Staff','H001'), ('D1002','Chefs','H001'), ('D1003','Security','H001'),('D1004','Finance','H001'),
	('D2001','Cleaning Staff','H002'), ('D2002','Chefs','H002'), ('D2003','Security','H002'),('D2004','Finance','H002'),
	('D3001','Cleaning Staff','H003'), ('D3002','Chefs','H001'), ('D3003','Security','H003'),('D3004','Finance','H003'),
	('D4001','Cleaning Staff','H004'), ('D4002','Chefs','H004'), ('D4003','Security','H004'),('D4004','Finance','H004')


create table Rooms(RoomNo varchar(5) primary key,
					HotelID varchar(10) foreign key references Hotel(Hotel_id),
					RoomType varchar(20),
					Beds varchar(10), 
					BedType varchar(15), 
					WithView varchar(20), 
					Cost int)
Insert Into Rooms
Values('01001','H001','Standard','2','Single','No view','5000'), 
	('01002','H001','Standard','2','Single','View','5000'), 
	('01003','H001','Deluxe','1','Double','No View','10000'),
	('01004','H001','Executive Suite','2','Double','View','17000'),
	('01005','H001','Deluxe','2','Single','View','5000'),
	('01006','H001','Executive Suite','3','Single',' No View','17000'),
	('01007','H001','Standard','1','Single','No View','5000'),
	('01008','H001','Deluxe','2','Double','No View','10000'),
	('01009','H001','Presidential Suite','3','Double','View','25000'),
	('01010','H001','Presidential Suite','4','Single','View','25000'),
	('01011','H001','Executive Suite','3','Single','View','17000'),
	('01012','H001','Standard','3','Single','No View','5000'),
	('01013','H001','Executive Suite','2','Double','No View','17000'),
	('01014','H001','Deluxe','1','Double','View','10000'),
	('01015','H001','Presidential Suite','2','Double','View','25000'),
	('01016','H001','Presidential Suite','4','Double','View','25000'),
	('01017','H001','Standard','2','Single','View','5000'),
	('01018','H001','Deluxe','2','Double','View','10000'),
	('01019','H001','Standard','1','Double','No View','5000'),
	('01020','H001','Deluxe','3','Single','View','10000'),
	('02001','H002','Deluxe','2','Double','View','10000'),
	('02002','H002','Standard','2','Single','No View','5000'),
	('02003','H002','Standard','1','Single','No View','5000'),
	('02004','H002','Executive Suite','3','Double','View','17000'),
	('02005','H002','Executive Suite','2','Double','No View','17000'),
	('02006','H002','Presidential Suite','3','Double','View','25000'),
	('02007','H002','Presidential Suite','4','Single','View','25000'),
	('02008','H002','Deluxe','2','Double','No View','10000'),
	('02009','H002','Standard','1','Double','No View','5000'),
	('02010','H002','Standard','2','Single','View','5000'),
	('02011','H002','Deluxe','3','Double','No View','10000'),
	('02012','H002','Executive Suite','2','Double','View','17000'),
	('02013','H002','Standard','3','Single','No View','5000'),
	('02014','H002','Standard','1','Double','View','5000'),
	('02015','H002','Deluxe','3','Single','View','10000'),
	('02016','H002','Deluxe','1','Double','View','10000'),
	('02017','H002','Presidential Suite','4','Double','View','25000'),
	('02018','H002','Presidential Suite','2','Double',' View','25000'),
	('02019','H002','Executive Suite','4','Single','No View','17000'),
	('02020','H002','Deluxe','1','Double','No View','10000'),
	('03001','H003','Executive Suite','3','Double','No View','17000'),
	('03002','H003','Standard','1','Single','View','5000'),
	('03003','H003','Deluxe','2','Double','No View','10000'),
	('03004','H003','Presidential Suite','3','Double','View','25000'),
	('03005','H003','Standard','3','Single','No View','5000'),
	('03006','H003','Deluxe','1','Double','View','10000'),
	('03007','H003','Deluxe','2','Double','View','10000'),
	('03008','H003','Executive Suite','2','Double','View','17000'),
	('03009','H003','Presidential Suite','4','Double','View','25000'),
	('03010','H003','Presidential Suite','4','Single','View','25000'),
	('03011','H003','Standard','1','Double','No View','5000'),
	('03012','H003','Deluxe','3','Single','View','10000'),
	('03013','H003','Deluxe','3','Single','No View','10000'),
	('03014','H003','Deluxe','3','Double','No View','10000'),
	('03015','H003','Standard','1','Double','View','5000'),
	('03016','H003','Presidential Suite','2','Double','View','25000'),
	('03017','H003','Executive Suite','3','Double','View','17000'),
	('03018','H003','Executive Suite','4','Double','No View','17000'),
	('03019','H003','Standard','1','Single','No View','5000'),
	('03020','H003','Standard','2','Single','View','5000'),
	('04001','H004','Standard','1','Single','View','5000'),
	('04002','H004','Standard','1','Double','View','5000'),
	('04003','H004','Standard','1','Double','No View','5000'),
	('04004','H004','Deluxe','3','Single','View','10000'),
	('04005','H004','Deluxe','2','Double','View','10000'),
	('04006','H004','Executive Suite','3','Double','View','17000'),
	('04007','H004','Presidential Suite','4','Single','View','25000'),
	('04008','H004','Executive Suite','2','Double','View','17000'),
	('04009','H004','Deluxe','3','Double','No View','10000'),
	('04010','H004','Presidential Suite','3','Double','View','25000'),
	('04011','H004','Standard','3','Single','No View','5000'),
	('04012','H004','Standard','2','Single','View','5000'),
	('04013','H004','Deluxe','2','Double','No View','10000'),
	('04014','H004','Deluxe','4','Single','No View','10000'),
	('04015','H004','Presidential Suite','4','Double','No View','25000'),
	('04016','H004','Presidential Suite','3','Single','View','25000'),
	('04017','H004','Executive Suite','3','Single','View','17000'),
	('04018','H004','Executive Suite','4','Single','No View','17000'),
	('04019','H004','Deluxe','2','Single','View','10000'),
	('04020','H004','Standard','2','Double','No View','5000')

create table Inventory(ItemID varchar(10) primary key,
					HotelID varchar(10) foreign key references Hotel(Hotel_id),
					ItemName varchar(30),
					ItemQuantity varchar(10))
Insert Into Inventory
Values('IN0101','H001','Single Bed sheets','100'), ('IN01002','H001','Double Bed sheets','100'), ('IN01003','H001','King Bed sheets','60'),
	('IN01004','H001','Queen Bed sheets','60'), ('IN01005','H001','Pillow covers','300'), ('IN01006','H001','Mattresses','120'),
	('IN01007','H001','Pillows','300'), ('IN01008','H001','Cushions','100'), ('IN01009','H001','Blankets','200'), 
	('IN01010','H001','Bath towels','120'), ('IN01011','H001','Hand Towels','100'), ('IN01012','H001','Bath mats','80'),
	('IN01013','H001','Bath robes','150'), ('IN01014','H001','Wash Cloth','100'), ('IN01015','H001','Shower curtains','100'),
	('IN01016','H001','Spare bulbs','150'), ('IN01017','H001','Paintings','50'), ('IN01018','H001','Lamps','70'), 
	('IN01019','H001','DVD','200'), ('IN01020','H001','Mirrors','70'), ('IN01021','H001','Chairs','200'), 
	('IN01022','H001','Couches','100'), ('IN01023','H001','Televisions','50'), ('IN01024','H001','Tables','100'), 
	('IN01025','H001','Bed-side tables','150'),('IN01026','H001','Books','100'), ('IN01027','H001','Notepads','30'),
	('IN01028','H001','Telephones','25'), ('IN01029','H001','Carpets','70'),('IN01030','H001','Irons','15'),
	('IN01031','H001','Washing Machines','4'),('IN01032','H001','Baskets','50'),('IN01033','H001','Vaccum cleaners','5'),
	('IN01034','H001','Mosquito rackets','3'), ('IN01035','H001','Decoration pieces','100'), ('IN01036','H001','Pens','20'),
	('IN01037','H001','Staplers','10'), ('IN01038','H001','Table mats','100'), ('IN01039','H001','Key hangings','10'),
	('IN01040','H001','Wardrobes','80'), ('IN01041','H001','Bedspreads','100'), ('IN01042','H001','Quilts','100'),
	('IN01043','H001','Extra Sheets','50'), ('IN01044','H001','Coffee machine','2'), ('IN01045','H001','Blending machine','4'),
	('IN01046','H001','Toasters','3'), ('IN01047','H001','Baking oven','2'), ('IN01048','H001','Microvawe oven','22'),
	('IN01049','H001','Mincing machines','2'), ('IN01050','H001','Stoves','5'), ('IN01051','H001','Juicers','3'),
	('IN01052','H001','Water dispensers','5'), ('IN01053','H001','Fans','75'), ('IN01054','H001','Air conditioners','50'),
	('IN01055','H001','Food making items','200'), ('IN01056','H001','Soaps','100'), ('IN01057','H001','Shampoos','70'),
	('IN01058','H001','Facewash','40'), ('IN01059','H001','Toothpaste','50'), ('IN01060','H001','Shower gels','50'),
	('IN01062','H001','Tissue Boxes','100'), ('IN01063','H001','Hair dryers','60'), ('IN01064','H001','Shaving cream','20'),
	('IN02001','H002','Single Bed sheets','100'), ('IN02002','H002','Double Bed sheets','100'), ('IN02003','H002','King Bed sheets','60'),
	('IN02004','H002','Queen Bed sheets','60'), ('IN02005','H002','Pillow covers','200'), ('IN02006','H002','Mattresses','80'),
	('IN02007','H002','Pillows','200'), ('IN02008','H002','Blankets','100'), ('IN02009','H002','Bath towels','80'),
	('IN02010','H002','Bath mats','60'), ('IN02011','H002','Shower curtains','70'), ('IN02012','H002','Spare bulbs','50'),
	('IN02013','H002','Lamps','80'), ('IN02014','H002','DVD','100'), ('IN02015','H002','Mirrors','80'),
	('IN02016','H002','Chairs','112'), ('IN02017','H002','Couches','70'), ('IN02018','H002','Tables','87'),
	('IN02019','H002','Bed-side tables','100'), ('IN02020','H002','Notepads','20'), ('IN02021','H002','Telephones','10'),
	('IN02022','H002','Carpets','40'), ('IN02023','H002','Washing Machines','3'), ('IN02024','H002','Vaccum cleaners','2'),
	('IN02025','H002','Decoration pieces','50'), ('IN02026','H002','Wardrobes','40'), ('IN02027','H002','Bedspreads','60'),
	('IN02028','H002','Toasters','2'), ('IN02029','H002','Baking oven','1'), ('IN02030','H002','Mincing machines','3'),
	('IN02031','H002','Stoves','6'), ('IN02032','H002','Water dispensers','2'), ('IN02033','H002','Fans','40'),
	('IN02034','H002','Air conditioners','40'), ('IN02035','H002','Food making items','120'), ('IN02036','H002','Soaps','50'),
	('IN02037','H002','Shampoos','60'), ('IN02038','H002','Tissue Boxes','70'), ('IN03001','H003','Single Bed sheets','110'),
	('IN03002','H003','Double Bed sheets','70'), ('IN03003','H003','Pillow covers','210'), ('IN03004','H003','Pillows','100'),
	('IN03005','H003','Cushions','40'), ('IN03006','H003','Blankets','100'), ('IN03007','H003','Bath towels','70'),
	('IN03008','H003','Hand Towels','70'), ('IN03009','H003','Bath robes','80'), ('IN03010','H003','Paintings','50'),
	('IN03011','H003','Lamps','40'), ('IN03012','H003','Mirrors','90'), ('IN03013','H003','Chairs','100'),
	('IN03014','H003','Couches','50'), ('IN03015','H003','Tables','90'), ('IN03016','H003','Washing Machines','2'),
	('IN03017','H003','Table mats','70'), ('IN03018','H003','Wardrobes','68'), ('IN03019','H003','Bed-side tables','100'),
	('IN03020','H003','Toasters','3'), ('IN03021','H003','Stoves','6'), ('IN03022','H003','Food making items','200'),
	('IN03023','H003','Water bottles','160'), ('IN03024','H003','Soaps','60'), ('IN03025','H003','Shampoos','90'),
	('IN03026','H003','Tissue Boxes','100'), ('IN03027','H003','Hair dryers','30'),
	('IN04001','H004','Single Bed sheets','65'), ('IN04002','H004','Double Bed sheets','100'), ('IN04003','H004','Pillow covers','105'),
	('IN04004','H004','Mattresses','50'), ('IN04005','H004','Pillows','140'), ('IN04006','H004','Blankets','250'),
	('IN04007','H004','Bath towels','84'), ('IN04008','H004','Bath robes','80'), ('IN04009','H004','Mirrors','50'), 
	('IN04010','H004','Chairs','108'), ('IN04011','H004','Televisions','40'), ('IN04012','H004','Tables','120'), 
	('IN04013','H004','Bed-side tables','100'), ('IN04014','H004','Telephones','20'), ('IN04015','H004','Wardrobes','70'),
	('IN04016','H004','Toasters','1'), ('IN04017','H004','Baking oven','3'), ('IN04018','H004','Microvawe oven','4'),
	('IN04019','H004','Stoves','3'), ('IN04020','H004','Fans','82'), ('IN04021','H004','Air conditioners','40'),
	('IN04022','H004','Food making items','160'), ('IN04023','H004','Soaps','65'), ('IN04024','H004','Shampoos','93'),
	('IN04025','H004','Tissue Boxes','130');

create table Employee(EmployeeID varchar(10) primary key,
					EName varchar(25),
					Econtact varchar(20),
					Deptid varchar(10) foreign key references Department(DeptID),
					Salary int,
					IsManager varchar(5));
Insert Into Employee
Values ('E001','Iqra Khan','0335-6418923','D1001','25000','no'),
		('E002','Asad Ali','0300-8710283','D1001','30000','yes'),
		('E003','Mohammad Abbas','0900-7860143','D1002','43000','no'),
		('E004','Ayesha Ali','0213-8965423','D1002','43000','yes'),
		('E005','Saad Rafique','0335-6418923','D1001','25000','no'),
		('E006','Amna Munawwar','0401-2981056','D1002','50000','no'),
		('E007','Aiman Anwar','0400-162983','D1001','25000','no'),
		('E008','Abdullah Abid','0512-312894','D1001','25000','no'),
		('E009','Asif Razzaq','0800-7654321','D1001','25000','no'),
		('E010','Azan Hameed','0500-123456','D1001','25000','no'),
		('E011','Shameen Raza','0401-1532785','D1001','25000','no'),
		('E012','Sara Abid','0301-8403283','D1001','25000','no'),
		('E013','Saleem Choudhry','0982-100843','D1001','25000','no'),
		('E014','Babar Arif','0312-786450','D1002','43000','no'),
		('E015','Abdul Moeed','0412-1819645','D1002','43000','no'),
		('E016','Nosheen Khanzada','0918-1267945','D1002','43000','no'),
		('E017','Asim Shehzad','0908-6548123','D1003','37000','yes'),
		('E018','Nabeel Choudhry','0300-1215694','D1003','37000','no'),
		('E019','Shahid Mehmood','0506-8945367','D1003','37000','no'),
		('E020','Zain Ali','0300-6581234','D1001','25000','no'),
		('E021','Abdur Rehman','0800-8754128','D1001','25000','no'),
		('E022','Wasif Hafeez','0335-891754','D1002','43000','no'),
		('E023','Qasim Burhan','0412-161987','D1003','37000','no'),
		('E024','Azeem Abbas','0901-7892345','D1001','25000','no'),
		('E025','Kashif Sarosh','0307-8454913','D1002','43000','no'),
		('E026','Hammad Azhar','0308-4381926','D1001','25000','no'),
		('E027','Hamid Shah','0308-149462','D1001','25000','no'),
		('E028','Badeen Rehman','0402-6532983','D1002','43000','no'),
		('E029','Aima Shaheen','0300-7208123','D1003','37000','no'),
		('E030','Hira Shahid','0503-7551223','D1002','43000','no'),
		('E031','Abdul Hadi','0200-5689712','D1002','43000','no'),
		('E032','Kamran Ashraf','0800-1467892','D1003','37000','no'),			
		('E033','Faiza Kamran','0500-3765123','D1002','43000','no'),
		('E034','Farheen Asif','0405-1819695','D1002','43000','no'),
		('E035','Laiba Kareem','0204-1678991','D1003','37000','no'),
		('E036','Hadia Dodhy','0305-1498435','D1002','43000','no'),
		('E037','Salman Arif','0900-1213145','D1002','43000','no'),
		('E038','Ayesha Salman','0402-7654134','D1003','37000','no'),
		('E039','Bareera Waqas','0335-6389123','D1003','37000','no'),
		('E040','Taris Akbar','0335-8210943','D1003','37000','no'),
		('E041','Tamanna Khan','0302-1213141','D1003','37000','no'),
		('E042','Zeerak Waqas','0201-1562945','D1003','37000','no'),
		('E043','Zainab Abrar','0503-6543211','D1003','37000','no'),
		('E044','Abrar Khan','0706-8704321','D1003','37000','no'),
		('E045','Shahab Babar','0400-1256739','D1003','37000','no'),
		('E046','Asim Azhar','0807-1235672','D2001','25000','no'),
		('E047','Ayesha Waqar','0334-784501','D2001','25000','yes'),
		('E048','Shahab Ali','0225-162896','D2002','43000','yes'),
		('E049','Ali Gujjar','0200-168732','D2003','37000','no'),
		('E050','Noreen Shah','0806-4578115','D2001','25000','no'),
		('E051','Abdul Basit','0300-8765439','D2003','37000','yes'),
		('E052','Aiman Shahid','0500-4388122','D2001','25000','no'),
		('E053','Azka Batool','0302-5204698','D2001','25000','no'),
		('E054','Zeeshan Ashraf','0400-1219875','D2002','43000','no'),
		('E055','Amaar Sindhu','0807-1452345','D2002','43000','no'),
		('E056','Arif Alvi','0705-1278543','D2002','43000','no'),
		('E057','Shaheen Abbas','0307-8764352','D2001','25000','no'),
		('E058','Dua Malik','0505-6804214','D2001','25000','no'),
		('E059','Dua Khan','0806-2346581','D2003','37000','no'),
		('E060','Noman Shahid','0607-4316787','D2003','37000','no'),
		('E061','Haris Mehmood','0201-3524863','D2001','25000','no'),
		('E062','Shakeela Batool','0335-7834901','D2002','43000','no'),
		('E063','Samar Bezouk','0807-047561','D2001','25000','no'),
		('E064','Batool Zainab','0600-8592584','D2003','37000','no'),
		('E065','Qayum Nagar','0509-2109786','D2002','43000','no'),
		('E066','Seema Shah','0335-1256739','D2003','37000','no'),
		('E067','Qurutulain Abrar','0322-1214673','D2002','43000','no'),
		('E068','Baseer Shehzad','0300-7843156','D2002','43000','no'),
		('E069','Batool Zainab','0600-8592584','D2003','37000','no'),
		('E070','Aslam Shehzada','0335-1578431','D2002','43000','no'),
		('E071','Kareem Abdullah','0807-5684521','D2002','43000','no'),
		('E072','Ayra Askari','0201-8403285','D2002','43000','no'),
		('E073','Salman Muneeb','0304-1267431','D2003','37000','no'),
		('E074','Sameen Shahab','0500-7784214','D2002','43000','no'),
		('E075','Samreen Khwaja','0841-7427923','D2002','43000','no'),
		('E076','Sana Khan','0304-1389421','D2002','43000','no'),
		('E077','Faisal Khanzada','0801-6813549','D2003','37000','no'),
		('E078','Farheen bqa','0402-8402134','D2002','43000','no'),
		('E079','Fazl-Ud-Deen','0302-1469835','D2003','37000','no'),
		('E080','Shaila Waseem','0302-1247851','D3001','25000','no'),
		('E081','Paras Naveed','0301-7318945','D3001','25000','no'),
		('E082','Naveed Israr','0504-3658320','D3002','43000','no'),
		('E083','Faisal Qureshi','0705-8754316','D3003','37000','no'),
		('E084','Kamal Shahid','0408-1464821','D3001','25000','no'),
		('E085','Laiba Kareem','0605-8864137','D3001','25000','no'),
		('E086','Laraib Qayum','0801-7654219','D3003','37000','no'),
		('E087','Nabeel Shaukat','0706-2758291','D3001','25000','no'),
		('E088','Samreen Barka','0806-5421147','D3001','25000','yes'),
		('E089','Haafiz Sadeeq','0807-0468263','D3003','37000','no'),
		('E090','Hashim Pervaiz','0301-6764421','D3003','37000','no'),
		('E091','Hashir Noman','0504-4378234','D3001','25000','no'),
		('E092','Pasha Salman','0807-2363712','D3001','25000','no'),
		('E093','Rida Farooq','0706-2657258','D3001','25000','no'),
		('E094','Rida Fatima','0371-3743728','D3003','37000','yes'),
		('E095','Samra Noman','0804-2734549','D3001','25000','no'),
		('E096','Ismail Hafeez','0568-2452934','D3002','43000','no'),
		('E097','Alizay Tariq','0706-2846806','D3003','37000','no'),
		('E098','Leena Khan','0504-3464383','D3002','43000','no'),
		('E099','Raheel Javaid','0503-2346628','D3003','37000','no'),
		('E100','Yahya Khan','0394-2764538','D3002','43000','no'),
		('E101','Faraz Kamran','0502-3678527','D3002','43000','yes'),
		('E102','Hareem Shehzad','0201-7579235','D3003','37000','no'),
		('E103','Hania Amir','0936-7345712','D3002','43000','no'),
		('E104','Minhal Ikram','0508-2456768','D3003','37000','no'),
		('E105','Amber Shaheed','0504-3658320','D3002','43000','no'),
		('E106','Omer Khan','0805-2647458','D3003','37000','no'),
		('E107','Abdullah Shahid','0657-8365342','D3003','37000','no'),
		('E108','Muneer Yaqoob','0900-7642823','D3003','37000','no'),
		('E109','Hamza Amir','0671-3754791','D4001','25000','no'),
		('E110','Ameen Wahab','0700-3246357','D4003','37000','no'),
		('E111','Amina Imran','0300-8642611','D4002','43000','no'),
		('E112','Imran Abrar','0800-2823598','D4002','43000','no'),
		('E113','Kamran Khaliq','0505-2472842','D4002','43000','yes'),
		('E114','Rija Anwar','0504-8237434','D4002','43000','no'),
		('E115','Tooba Saqib','0607-2428362','D4002','43000','no'),
		('E116','Tania Saqib','0604-9375863','D4002','43000','no'),
		('E117','Vanya Kapoor','0512-4789831','D4003','37000','yes'),
		('E118','Tanveer Badar','0687-2476289','D4003','37000','no'),
		('E119','Urooj Omer','0300-2427341','D4003','37000','no'),
		('E120','Lubna Toor','0400-8894321','D4003','37000','no'),
		('E121','Qirat Nayab','0508-2453280','D4003','37000','no'),
		('E122','Laila Shafqat','0205-9754612','D4001','25000','yes'),
		('E123','Laraib Qayum','0908-7264461','D4001','25000','no'),
		('E124','Madeeha Rayaan','0538-3862671','D4001','25000','no'),
		('E125','Usman Nazeer','0765-7556781','D4001','25000','no'),
		('E126','Ehsan Jawad','0701-2753613','D4001','25000','no')

create table Manager(DeptID varchar(10) primary key,
			EmpID varchar(10) foreign key references Employee(EmployeeID))
Insert Into Manager
Values('D1001','E002'), ('D1002','E004'), ('D1003','E017'), 
		('D2001','E047'), ('D2002','E048'),('D2003','E051'), 
		('D3001','E088'), ('D3002','E101'), ('D3003','E094'),
		('D4001','E122'), ('D4002','E113'), ('D4003','E117')

create table Services(ServiceID varchar(15) primary key,
					ServiceName varchar(20),
					Cost int)
Insert Into Services
Values ('S001','Horse Riding','5000'), ('S002','Laundry','500'), ('S003','Dry cleaning','500'),
		('S004','Computer renting','1000'), ('S005','Massage','2000'), ('S006','DVD renting','200'),
		('S007','Room service','700'), ('S008','Car renting','1500'), ('S009','Iron+Iron board','800'),
		('S010','Additional Pillows','200'), ('S011','Mattress for room','150'), ('S012','Baby cot','120'),
		('S013','On-call doctor','500'), ('S014','Portable Heater','800'), ('S015','Power Adaptor','200'),
		('S016','Postal Service','1000'), ('S017','Newspaper','60'), ('S018','Mini-fridge items','1200'),
		('S019','Hairdryer','300'), ('S020','Electric Kettle','250'), ('S021','PhotoCopy','500'),
		('S022','Fax','500'), ('S023','Spa','1000'), ('S024','Meeting facilities','1000')

create table cleaningStaff(EmpID varchar(10) foreign key references Employee(EmployeeID) primary key, ShiftStart varchar(10), ShiftEnd varchar(10), Task varchar(20))
Insert Into cleaningStaff
Values ('E001','8:00AM','5:00PM','Cleaning Windows'),('E002','8:00AM','5:00 PM','Vaccum cleaning'),('E005','8:00AM','5:00PM','Bathroom cleaning'),
		('E007','8:00AM','5:00PM','Mopping floors'),('E008','8:00AM','5:00 PM','Washing dishes'),('E009','8:00AM','5:00PM','Washing clothes'),
		('E010','8:00AM','5:00PM','Dusting'),('E011','8:00AM','5:00PM','Room make-up'),('E012','8:00AM','5:00PM','Cleaning Windows'),
		('E013','8:00AM','5:00PM','Bathroom cleaning'),('E020','8:00AM','5:00PM','Washing clothes'),('E021','8:00AM','5:00PM','Dusting'),
		('E024','8:00AM','5:00PM','Room make-up'),('E026','8:00AM','5:00PM','Vaccum cleaning'),('E027','8:00AM','5:00PM','Washing dishes'),
		('E046','8:00AM','5:00PM','Mopping floors'),('E047','8:00AM','5:00PM','Dusting'),('E050','8:00AM','5:00PM','Cleaning Windows'),
		('E052','8:00AM','5:00PM','Room make-up'),('E053','8:00AM','5:00PM','Vaccum cleaning'),('E057','8:00AM','5:00PM','Washing clothes'),
		('E058','8:00AM','5:00PM','Bahroom cleaning'),('E061','8:00AM','5:00PM','Dusting'),('E063','8:00AM','5:00PM','Mopping floors'),
		('E080','8:00AM','5:00PM','Washing dishes'),('E081','8:00AM','5:00PM','Cleaning Windows'),('E084','8:00AM','5:00PM','Bathroom cleaning'),
		('E085','8:00AM','5:00PM','Room make-up'),('E087','8:00AM','5:00PM','Dusting'),('E088','8:00AM','5:00PM','Washing dishes'),
		('E091','8:00AM','5:00PM','Cleaning Windows'),('E092','8:00AM','5:00PM','Mopping floors'),('E093','8:00AM','5:00PM','Washing clothes'),
		('E094','8:00AM','5:00PM','Vaccum cleaning'),('E095','8:00AM','5:00PM','Room make-up'),('E109','8:00AM','5:00PM','Mopping floors'),
		('E122','8:00AM','5:00PM','Cleaning Windows'),('E123','8:00AM','5:00PM','Bathroom cleaning'),('E124','8:00AM','5:00PM','Washing clothes'),
		('E125','8:00AM','5:00PM','Vaccum cleaning'),('E126','8:00AM','5:00PM','Room make-up')

create table Security(EmpID varchar(10) foreign key references Employee(EmployeeID) primary key, ShiftStart varchar(10), ShiftEnd varchar(10), Area varchar(20))
Insert Into Security
Values ('E017','9:00AM','12:00PM','Entrance'),('E018','9:00AM','12:00PM','Main door'),('E019','9:00AM','12:00PM','Kitchen door'),
		('E023','9:00AM','12:00PM','Rooftop'),('E029','9:00AM','12:00PM','Restaurant'),('E032','9:00AM','12:00PM','Parking'),
		('E035','9:00AM','12:00PM','1st floor'),('E038','9:00AM','12:00PM','2nd floor'),('E039','9:00AM','12:00PM','Parking'),
		('E040','9:00AM','12:00PM','Rooftop'),('E041','9:00AM','12:00PM','Entrance'),('E042','9:00AM','12:00PM','Restuarant'),
		('E043','9:00AM','12:00PM','Main door'),('E044','9:00AM','12:00PM','Parking'),('E045','9:00AM','12:00PM','1st floor'),
		('E049','9:00AM','12:00PM','Entrance'),('E051','9:00AM','12:00PM','Parking'),('E059','9:00AM','12:00PM','2nd floor'),
		('E060','9:00AM','12:00PM','Kitchen door'),('E064','9:00AM','12:00PM','2nd floor'),('E066','9:00AM','12:00PM','Lobby'),
		('E069','9:00AM','12:00PM','Lobby'),('E073','9:00AM','12:00PM','Entrance'),('E077','9:00AM','12:00PM','Lobby'),
		('E079','9:00AM','12:00PM','1st floor'),('E083','9:00AM','12:00PM','Front street'),('E086','9:00AM','12:00PM','Front street'),
		('E089','9:00AM','12:00PM','2nd floor'),('E090','9:00AM','12:00PM','Parking'),('E094','9:00AM','12:00PM','Lobby'),
		('E097','9:00AM','12:00PM','Entrance'),('E099','9:00AM','12:00PM','Main door'),('E102','9:00AM','12:00PM','Front street'),
		('E104','9:00AM','12:00PM','2nd floor'),('E106','9:00AM','12:00PM','Rooftop'),('E107','9:00AM','12:00PM','Parking'),
		('E108','9:00AM','12:00PM','Restaurant'),('E110','9:00AM','12:00PM','Kitchen door'),('E117','9:00AM','12:00PM','Entrance'),
		('E118','9:00AM','12:00PM','Rooftop'),('E119','9:00AM','12:00PM','Main door'),('E120','9:00AM','12:00PM','Front street'),
		('E121','9:00AM','12:00PM','Restaurant')


create table Customers(
CustID varchar(100) primary key,
CustName varchar(100),
CustPhone varchar(100),
CustAddress varchar(200))

insert into Customers 
values('C0001', 'Lewis', '03443452863', 'Islamabad'),
('C0002', 'James', '03194981151', 'Karachi'),
('C0003', 'Logan', '03356888484', 'Faisalabad'),
('C0004', 'Daniel', '03013607562', 'Rawalpindi'),
('C0005', 'Ryan', '03241942468', 'Gujrat'),
('C0006', 'Aaron', '03018109737', 'Okara'),
('C0007', 'Oliver', '03295354220', 'Mianwali'),
('C0008', 'Liam', '03272462083', 'Lahore'),
('C0009', 'Jamie', '03246191488', 'Islamabad'),
('C0010', 'Ethan', '03423825644', 'Karachi'),
('C0011', 'Alexander', '03172612549', 'Faisalabad'),
('C0012', 'Cameron', '03222688164', 'Rawalpindi'),
('C0013', 'Finlay', '03191649981', 'Gujrat'),
('C0014', 'Kyle', '03255606681', 'Okara'),
('C0015', 'Adam', '03364507239', 'Mianwali'),
('C0016', 'Harry', '03276637696', 'Lahore'),
('C0017', 'Matthew', '03278859254', 'Islamabad'),
('C0018', 'Callum', '03291984837', 'Karachi'),
('C0019', 'Lucas', '03003836249', 'Faisalabad'),
('C0020', 'Nathan', '03201731041', 'Rawalpindi'),
('C0021', 'Aiden', '03068084787', 'Gujrat'),
('C0022', 'Dylan', '03435882482', 'Okara'),
('C0023', 'Charlie', '03237503819', 'Mianwali'),
('C0024', 'Connor', '03443238169', 'Lahore'),
('C0025', 'Thomas', '03113394731', 'Islamabad'),
('C0026', 'Alfie', '03452503118', 'Karachi'),
('C0027', 'Joshua', '03316090232', 'Faisalabad'),
('C0028', 'William', '03457144898', 'Rawalpindi'),
('C0029', 'Jayden', '03073274238', 'Gujrat'),
('C0030', 'Andrew', '03166016320', 'Okara'),
('C0031', 'Kai', '03156695478', 'Mianwali'),
('C0032', 'Max', '03435722549', 'Lahore'),
('C0033', 'Ben', '03285609691', 'Islamabad'),
('C0034', 'Samuel', '03305716081', 'Karachi'),
('C0035', 'Luke', '03374563654', 'Faisalabad'),
('C0036', 'Tyler', '03222341338', 'Rawalpindi'),
('C0037', 'Rory', '03029100458', 'Gujrat'),
('C0038', 'David', '03043681314', 'Okara'),
('C0039', 'Michael', '03213308080', 'Mianwali'),
('C0040', 'Riley', '03407638124', 'Lahore'),
('C0041', 'Noah', '03351367075', 'Islamabad'),
('C0042', 'Cole', '03088189178', 'Karachi'),
('C0043', 'Joseph', '03328873859', 'Faisalabad'),
('C0044', 'John', '03094987642', 'Rawalpindi'),
('C0045', 'Archie', '03095122083', 'Gujrat'),
('C0046', 'Jacob', '03428198301', 'Okara'),
('C0047', 'Fraser', '03199207926', 'Mianwali'),
('C0048', 'Rhys', '03298006582', 'Lahore'),
('C0049', 'Ross', '03217262764', 'Islamabad'),
('C0050', 'Calum', '03386046205', 'Karachi'),
('C0051', 'Jay', '03296156933', 'Faisalabad'),
('C0052', 'Josh', '03019059608', 'Rawalpindi'),
('C0053', 'Euan', '03149963149', 'Gujrat'),
('C0054', 'Mason', '03189237017', 'Okara'),
('C0055', 'Owen', '03375242053', 'Mianwali'),
('C0056', 'Sam', '03441865701', 'Lahore'),
('C0057', 'Leo', '03042899722', 'Islamabad'),
('C0058', 'Robert', '03077088930', 'Karachi'),
('C0059', 'Scott', '03438885133', 'Faisalabad'),
('C0060', 'Leon', '03045293262', 'Rawalpindi'),
('C0061', 'Robbie', '03026917915', 'Gujrat'),
('C0062', 'Benjamin', '03347394117', 'Okara'),
('C0063', 'Caleb', '03252437019', 'Mianwali'),
('C0064', 'Oscar', '03338836024', 'Lahore'),
('C0065', 'Harris', '03061740001', 'Islamabad'),
('C0066', 'Murray', '03008267194', 'Karachi'),
('C0067', 'Sean', '03146913123', 'Faisalabad'),
('C0068', 'Christopher', '03299148149', 'Rawalpindi'),
('C0069', 'Kieran', '03291488117', 'Gujrat'),
('C0070', 'Aidan', '03043682614', 'Okara'),
('C0071', 'Jake', '03219401401', 'Mianwali'),
('C0072', 'Evan', '03343626355', 'Lahore'),
('C0073', 'Kayden', '03344316844', 'Islamabad'),
('C0074', 'Arran', '03459692195', 'Karachi'),
('C0075', 'Angus', '03238671197', 'Faisalabad'),
('C0076', 'Brodie', '03381457408', 'Rawalpindi'),
('C0077', 'Ewan', '03194734426', 'Gujrat'),
('C0078', 'Muhammad', '03376635587', 'Okara'),
('C0079', 'Alex', '03167733032', 'Mianwali'),
('C0080', 'Declan', '03448051376', 'Lahore'),
('C0081', 'Finn', '03115405588', 'Islamabad'),
('C0082', 'Blair', '03398801102', 'Karachi'),
('C0083', 'Ollie', '03436422659', 'Faisalabad'),
('C0084', 'Reece', '03136460625', 'Rawalpindi'),
('C0085', 'Corey', '03131563447', 'Gujrat'),
('C0086', 'Kian', '03106698687', 'Okara'),
('C0087', 'Harrison', '03189777638', 'Mianwali'),
('C0088', 'Taylor', '03417477093', 'Lahore'),
('C0089', 'Kaiden', '03331582549', 'Islamabad'),
('C0090', 'Kenzie', '03265514662', 'Karachi'),
('C0091', 'Cody', '03096736284', 'Faisalabad'),
('C0092', 'Craig', '03063202664', 'Rawalpindi'),
('C0093', 'Mohammed', '03033923231', 'Gujrat'),
('C0094', 'Calvin', '03172844791', 'Okara'),
('C0095', 'Mark', '03253789667', 'Mianwali'),
('C0096', 'Jude', '03302485744', 'Lahore'),
('C0097', 'Luca', '03247580970', 'Islamabad'),
('C0098', 'Ciaran', '03266307231', 'Karachi'),
('C0099', 'George', '03327021056', 'Faisalabad'),
('C0100', 'Zak', '03099667258', 'Rawalpindi'),
('C0101', 'Zac', '03283047333', 'Gujrat'),
('C0102', 'Charles', '03217702412', 'Okara'),
('C0103', 'Gregor', '03331767877', 'Mianwali'),
('C0104', 'Hamish', '03361754268', 'Lahore'),
('C0105', 'Isaac', '03402670913', 'Islamabad'),
('C0106', 'Harvey', '03144531600', 'Karachi'),
('C0107', 'Shay', '03434057077', 'Faisalabad'),
('C0108', 'Struan', '03348242761', 'Rawalpindi'),
('C0109', 'Lee', '03331641907', 'Gujrat'),
('C0110', 'Steven', '03378297946', 'Okara'),
('C0111', 'Joe', '03043937928', 'Mianwali'),
('C0112', 'Lennon', '03225257750', 'Lahore'),
('C0113', 'Patrick', '03335542951', 'Islamabad'),
('C0114', 'Jason', '03286477765', 'Karachi'),
('C0115', 'Louis', '03426571320', 'Faisalabad'),
('C0116', 'Olly', '03271738102', 'Rawalpindi'),
('C0117', 'Bailey', '03348285385', 'Gujrat'),
('C0118', 'Marcus', '03279402412', 'Okara'),
('C0119', 'Peter', '03036312498', 'Mianwali'),
('C0120', 'Sebastian', '03275176255', 'Lahore'),
('C0121', 'Gabriel', '03124650551', 'Islamabad'),
('C0122', 'Jackson', '03226363574', 'Karachi'),
('C0123', 'Zack', '03045555810', 'Faisalabad'),
('C0124', 'Ashton', '03097697159', 'Rawalpindi'),
('C0125', 'Brandon', '03202031066', 'Gujrat'),
('C0126', 'Reuben', '03097070865', 'Okara'),
('C0127', 'Theo', '03171291250', 'Mianwali'),
('C0128', 'Paul', '03195016331', 'Lahore'),
('C0129', 'Conor', '03443147822', 'Islamabad'),
('C0130', 'Hayden', '03073864247', 'Karachi'),
('C0131', 'Lachlan', '03442326035', 'Faisalabad'),
('C0132', 'Ruaridh', '03282076851', 'Rawalpindi'),
('C0133', 'Innes', '03436192634', 'Gujrat'),
('C0134', 'Stuart', '03409432107', 'Okara'),
('C0135', 'Jordan', '03075606068', 'Mianwali'),
('C0136', 'Sonny', '03186317844', 'Lahore'),
('C0137', 'Alan', '03052146060', 'Islamabad'),
('C0138', 'Blake', '03385402386', 'Karachi'),
('C0139', 'Zachary', '03368267819', 'Faisalabad'),
('C0140', 'Cooper', '03161708422', 'Rawalpindi'),
('C0141', 'Ellis', '03171529539', 'Gujrat'),
('C0142', 'Caiden', '03331324061', 'Okara'),
('C0143', 'Fergus', '03329696430', 'Mianwali'),
('C0144', 'Jakub', '03324750136', 'Lahore'),
('C0145', 'Zach', '03231328686', 'Islamabad'),
('C0146', 'Findlay', '03437681249', 'Karachi'),
('C0147', 'Alistair', '03028077711', 'Faisalabad'),
('C0148', 'Elliot', '03206454207', 'Rawalpindi'),
('C0149', 'Harley', '03385150027', 'Gujrat'),
('C0150', 'Anthony', '03341362707', 'Okara'),
('C0151', 'Callan', '03348609794', 'Mianwali'),
('C0152', 'Filip', '03291380394', 'Lahore'),
('C0153', 'Louie', '03102861965', 'Islamabad'),
('C0154', 'Lyle', '03276656714', 'Karachi'),
('C0155', 'Mohammad', '03144448953', 'Faisalabad'),
('C0156', 'Brody', '03026195346', 'Rawalpindi'),
('C0157', 'Cayden', '03119868539', 'Gujrat'),
('C0158', 'Cian', '03191927690', 'Okara'),
('C0159', 'Marc', '03408817131', 'Mianwali'),
('C0160', 'Danny', '03261593941', 'Lahore'),
('C0161', 'Shaun', '03456728500', 'Islamabad'),
('C0162', 'Austin', '03376860573', 'Karachi'),
('C0163', 'Joel', '03254004827', 'Faisalabad'),
('C0164', 'Nicholas', '03178321767', 'Rawalpindi'),
('C0165', 'Rio', '03275404720', 'Gujrat'),
('C0166', 'Rocco', '03257474790', 'Okara'),
('C0167', 'Dean', '03239848010', 'Mianwali'),
('C0168', 'Jonathan', '03288519319', 'Lahore'),
('C0169', 'Carson', '03377455759', 'Islamabad'),
('C0170', 'Duncan', '03367678572', 'Karachi'),
('C0171', 'Mitchell', '03046994759', 'Faisalabad'),
('C0172', 'Ruairidh', '03131365795', 'Rawalpindi'),
('C0173', 'Stephen', '03299186974', 'Gujrat'),
('C0174', 'Dominic', '03284851739', 'Okara'),
('C0175', 'Kerr', '03103070197', 'Mianwali'),
('C0176', 'Edward', '03275969225', 'Lahore'),
('C0177', 'Lloyd', '03404544253', 'Islamabad'),
('C0178', 'Mackenzie', '03233055210', 'Karachi'),
('C0179', 'Martin', '03171148619', 'Faisalabad'),
('C0180', 'Ali', '03058287215', 'Rawalpindi'),
('C0181', 'Henry', '03249897263', 'Gujrat'),
('C0182', 'Kevin', '03397082961', 'Okara'),
('C0183', 'Tom', '03191663886', 'Mianwali'),
('C0184', 'Alasdair', '03288323332', 'Lahore'),
('C0185', 'Billy', '03334365077', 'Islamabad'),
('C0186', 'Freddie', '03182815659', 'Karachi'),
('C0187', 'Keir', '03392657212', 'Faisalabad'),
('C0188', 'Levi', '03244890980', 'Rawalpindi'),
('C0189', 'Junior', '03217962238', 'Gujrat'),
('C0190', 'Allan', '03088306590', 'Okara'),
('C0191', 'Campbell', '03336756569', 'Mianwali'),
('C0192', 'Darren', '03209882008', 'Lahore'),
('C0193', 'Drew', '03094001523', 'Islamabad'),
('C0194', 'Oskar', '03037548380', 'Karachi'),
('C0195', 'Arron', '03358535458', 'Faisalabad'),
('C0196', 'Ayden', '03325302554', 'Rawalpindi'),
('C0197', 'Douglas', '03105240503', 'Gujrat'),
('C0198', 'Frederick', '03062704094', 'Okara')

create table Chefs(
EmployeeID varchar(10) foreign key references Employee(EmployeeID) primary key,
Position varchar(20),
shiftStart varchar(20),
shiftEnd varchar(20),
IsHeadChef varchar(5))

insert into Chefs
values('E003', 'Executive Chef', '09:00 am','06:00 pm','yes'),
('E004', 'Sous Chef', '10:00 am', '03:00 pm', 'no'),
('E006', 'Sous Chef', '04:00 pm', '10:00 pm', 'no'),
('E014', 'Pastry Chef', '12:00 pm', '05:00 pm', 'no'),
('E015', 'Station Chef', '10:00 am', '04:00 pm', 'no'),
('E016', 'Station Chef', '05:00 pm', '11:00 pm', 'no'),
('E022', 'Saucier', '05:00 pm', '12:00 am', 'no'),
('E025', 'Saucier', '11:00 am', '04:00 pm', 'no'),
('E028', 'Fish Cook', '02:00 pm', '07:00 pm', 'no'),
('E030', 'Vegetable Cook', '01:00 pm' , '06:00 pm', 'no'),
('E031', 'Meat Cook', '03:00 pm', '09:00 pm', 'no'),
('E033', 'Fry Cook', '12:00 pm', '06:00 pm', 'no'),
('E034', 'Pantry Cook', '01:00 pm', '06:00 pm', 'no'),
('E036', 'Pantry Cook', '08:00 pm', '12:00 am', 'no'),
('E037', 'Line Cook', '12:00 pm', '05:00 pm', 'no'),
('E048', 'Executive Chef', '09:00 am','06:00 pm','yes'),
('E054', 'Sous Chef', '10:00 am', '03:00 pm', 'no'),
('E055', 'Sous Chef', '04:00 pm', '10:00 pm', 'no'),
('E056', 'Pastry Chef', '12:00 pm', '05:00 pm', 'no'),
('E062', 'Station Chef', '10:00 am', '04:00 pm', 'no'),
('E065', 'Station Chef', '05:00 pm', '11:00 pm', 'no'),
('E067', 'Saucier', '05:00 pm', '12:00 am', 'no'),
('E068', 'Saucier', '11:00 am', '04:00 pm', 'no'),
('E070', 'Fish Cook', '02:00 pm', '07:00 pm', 'no'),
('E071', 'Vegetable Cook', '01:00 pm' , '06:00 pm', 'no'),
('E072', 'Meat Cook', '03:00 pm', '09:00 pm', 'no'),
('E074', 'Fry Cook', '12:00 pm', '06:00 pm', 'no'),
('E075', 'Pantry Cook', '01:00 pm', '06:00 pm', 'no'),
('E076', 'Pantry Cook', '08:00 pm', '12:00 am', 'no'),
('E078', 'Line Cook', '12:00 pm', '05:00 pm', 'no'),
('E100', 'Executive Chef', '09:00 am','06:00 pm','yes'),
('E101', 'Sous Chef', '10:00 am', '03:00 pm', 'no'),
('E103', 'Meat Cook', '04:00 pm', '10:00 pm', 'no'),
('E105', 'Pastry Chef', '12:00 pm', '05:00 pm', 'no'),
('E082', 'Saucier', '10:00 am', '04:00 pm', 'no'),
('E096', 'Station Chef', '05:00 pm', '11:00 pm', 'no'),
('E098', 'Saucier', '05:00 pm', '12:00 am', 'no'),
('E111', 'Executive Chef', '09:00 am','06:00 pm','yes'),
('E112', 'Sous Chef', '10:00 am', '03:00 pm', 'no'),
('E113', 'Sous Chef', '04:00 pm', '10:00 pm', 'no'),
('E114', 'Pastry Chef', '12:00 pm', '05:00 pm', 'no'),
('E115', 'Station Chef', '05:00 pm', '11:00 pm', 'no'),
('E116', 'Meat Cook', '04:00 pm', '10:00 pm', 'no')

create table Reservations(
ReservationID varchar(20) primary key,
CustID varchar(100) foreign key references Customers,
StartDate date,
EndDate date,
NumberofRooms varchar(10),
Hotel_id varchar(10) foreign key references Hotel) 

insert into Reservations 
values('R001', 'C0001', '2018-01-02', '2018-01-07', '2', 'H001'),
('R002', 'C0100',  '2018-03-01', '2018-03-03', '1', 'H002'),
('R003', 'C0100', '2018-03-09', '2018-03-12', '2', 'H002'),
('R004', 'C0045', '2018-02-21', '2018-02-26', '5', 'H003'),
('R005', 'C0034', '2018-04-09' , '2018-04-15', '2', 'H001'),
('R006', 'C0090', '2018-02-01', '2018-02-07', '2', 'H004'),
('R007', 'C0038',  '2018-01-03', '2018-01-07', '1', 'H002'),
('R008', 'C0023', '2018-09-09', '2018-09-12', '2', 'H002'),
('R009', 'C0021', '2018-06-23', '2018-06-26', '4', 'H003'),
('R010', 'C0012', '2018-09-09' , '2018-09-12', '2', 'H004'),
('R011', 'C0031', '2018-01-16', '2018-01-21', '3', 'H001'),
('R012', 'C0134',  '2018-08-01', '2018-08-03', '4', 'H002'),
('R013', 'C0187', '2018-05-09', '2018-05-12', '1', 'H003'),
('R014', 'C0145', '2018-02-17', '2018-02-20', '5', 'H003'),
('R015', 'C0131', '2018-04-09' , '2018-04-15', '2', 'H001'),
('R016', 'C0130', '2018-07-02', '2018-07-07', '1', 'H004'),
('R017', 'C0025',  '2018-10-19', '2018-10-22', '1', 'H004'),
('R018', 'C0027', '2018-12-10', '2018-12-20', '3', 'H004'),
('R019', 'C0027', '2018-02-22', '2018-02-26', '5', 'H003'),
('R020', 'C0065', '2018-08-25', '2018-08-29', '2', 'H001'),
('R021', 'C0078', '2018-01-23', '2018-01-29', '3', 'H002'),
('R022', 'C0092',  '2018-06-01', '2018-06-03', '1', 'H002'),
('R023', 'C0112', '2018-07-09', '2018-07-12', '2', 'H002'),
('R024', 'C0143', '2018-01-30', '2018-02-04', '6', 'H003'),
('R025', 'C0149', '2018-05-09', '2018-05-15', '2', 'H003'),
('R026', 'C0001', '2018-01-15', '2018-01-17', '5', 'H001'),
('R027', 'C0110',  '2018-03-21', '2018-03-23', '6', 'H001'),
('R028', 'C0091', '2018-08-09', '2018-08-12', '2', 'H001'),
('R029', 'C0046', '2018-11-23', '2018-11-26', '1', 'H004'),
('R030', 'C0082', '2018-12-09', '2018-12-15', '2', 'H002'),
('R031', 'C0011', '2018-01-02', '2018-01-07', '1', 'H003'),
('R032', 'C0120',  '2018-03-01', '2018-03-03', '1', 'H004'),
('R033', 'C0178', '2018-03-09', '2018-03-12', '2', 'H003'),
('R034', 'C0053', '2018-02-23', '2018-02-26', '3', 'H003'),
('R035', 'C0079', '2018-04-09' , '2018-04-15', '4', 'H003'),
('R036', 'C0001', '2018-09-23', '2018-09-28', '1', 'H003'),
('R037', 'C0100',  '2018-06-16', '2018-06-24', '2', 'H002'),
('R038', 'C0100', '2018-04-17', '2018-04-23', '3', 'H001'),
('R039', 'C0045', '2018-09-18', '2018-09-21', '5', 'H003'),
('R040', 'C0034', '2018-03-08' , '2018-03-16', '4', 'H004'),
('R041', 'C0099', '2019-01-09', '2019-01-15', '1', 'H004'),
('R042', 'C0167',  '2019-03-01', '2019-03-07', '2', 'H001'),
('R043', 'C0185', '2019-03-12', '2019-03-19', '3', 'H001'),
('R044', 'C0082', '2019-02-23', '2019-02-28', '5', 'H004'),
('R045', 'C0062', '2019-04-19', '2019-04-25', '4', 'H004'),
('R046', 'C0125', '2019-03-22', '2019-03-28', '1', 'H002'),
('R047', 'C0167',  '2019-02-14', '2019-02-19', '2', 'H002'),
('R048', 'C0183', '2019-01-23', '2019-01-30', '3', 'H002'),
('R049', 'C0138', '2019-05-02', '2019-05-07', '5', 'H003'),
('R050', 'C0124', '2019-05-06', '2019-05-10', '4', 'H004')

create table Reservation_Details(
ReservationID varchar(20) ,
RoomNo varchar(5) foreign key references Rooms(RoomNo),
primary key(ReservationID,RoomNo))
insert into Reservation_Details
values('R001', '01001'),
('R002', '02003'),
('R003','01020'),
('R004', '03001'),
('R005', '02006'),
('R006', '04005'),
('R007', '03018'),
('R008', '01009'),
('R009', '03005'),
('R010', '02004'),
('R011', '01002'),
('R012', '02001'),
('R013','01017'),
('R014', '03011'),
('R015', '02016'),
('R016', '04015'),
('R017', '03008'),
('R018', '01019'),
('R019', '03015'),
('R020', '02014'),
('R021', '01010'),
('R022', '02018'),
('R023','01007'),
('R024', '03003'),
('R025', '02009'),
('R026', '04006'),
('R027', '03014'),
('R028', '01019'),
('R029', '03002'),
('R030', '02020'),
('R031', '01002'),
('R032', '02017'),
('R033','01006'),
('R034', '03006'),
('R035', '02011'),
('R036', '04019'),
('R037', '03013'),
('R038', '01008'),
('R039', '03012'),
('R040', '02014'),
('R041', '01015'),
('R042', '02017'),
('R043','01002'),
('R044', '04008'),
('R045', '02016'),
('R046', '04005'),
('R047', '03018'),
('R048', '01011'),
('R049', '03017'),
('R050', '02013')

create table Billing(
BillingID varchar(10) primary key,
CustID varchar(100) foreign key references Customers,
ReservationID varchar(20) foreign key references Reservations(ReservationID),
TotalBill varchar(20))


insert into Billing
values('B001', 'C0001', 'R002', '20000'),
('B002', 'C0003', 'R004', '25000'),
('B003', 'C0005', 'R006', '10000'),
('B004', 'C0007', 'R008', '8000'),
('B005', 'C0009', 'R010', '16000'),
('B006', 'C0011', 'R012', '15000'),
('B007', 'C0013', 'R014', '13000'),
('B008', 'C0015', 'R016', '12000'),
('B009', 'C0017', 'R018', '20000'),
('B010', 'C0019', 'R020', '22000'),
('B011', 'C0021', 'R022', '17000'),
('B012', 'C0023', 'R024', '14000'),
('B013', 'C0025', 'R026', '19000'),
('B014', 'C0027', 'R028', '10000'),
('B015', 'C0029', 'R030', '24000'),
('B016', 'C0031', 'R032', '9000'),
('B017', 'C0033', 'R034', '60000'),
('B018', 'C0035', 'R036', '13000'),
('B019', 'C0037', 'R038', '11000'),
('B020', 'C0039', 'R040', '5000'),
('B021', 'C0041', 'R042', '8000'),
('B022', 'C0043', 'R044', '9000'),
('B023', 'C0045', 'R046', '7500'),
('B024', 'C0047', 'R048', '8500'),
('B025', 'C0049', 'R050', '25000'),
('B026', 'C0051', 'R049', '16000'),
('B027', 'C0053', 'R047', '22000'),
('B028', 'C0055', 'R045', '26000'),
('B029', 'C0057', 'R043', '5000'),
('B030', 'C0059', 'R041', '17000'),
('B031', 'C0061', 'R039', '20000'),
('B032', 'C0063', 'R037', '18000'),
('B033', 'C0065', 'R035', '6000'),
('B034', 'C0067', 'R033', '80000'),
('B035', 'C0069', 'R031', '25000'),
('B036', 'C0071', 'R029', '9000'),
('B037', 'C0073', 'R027', '8600'),
('B038', 'C0075', 'R017', '24000'),
('B039', 'C0077', 'R025', '27000'),
('B040', 'C0079', 'R019', '18000'),
('B041', 'C0081', 'R023', '9500'),
('B042', 'C0083', 'R021', '15000'),
('B043', 'C0085', 'R015', '10000'),
('B044', 'C0087', 'R013', '22000'),
('B045', 'C0089', 'R011', '21000'),
('B046', 'C0091', 'R009', '13000'),
('B047', 'C0093', 'R007', '5000'),
('B048', 'C0095', 'R005', '7500'),
('B049', 'C0097', 'R003', '9000'),
('B050', 'C0099', 'R001', '24000'),
('B051', 'C0101', 'R001', '22000'),
('B052', 'C0103', 'R003', '6000'),
('B053', 'C0105', 'R005', '8000'),
('B054', 'C0107', 'R007', '9500'),
('B055', 'C0109', 'R009', '19000'),
('B056', 'C0111', 'R011', '22000'),
('B057', 'C0113', 'R013', '12000'),
('B058', 'C0115', 'R015', '13000'),
('B059', 'C0117', 'R017', '16000'),
('B060', 'C0119', 'R019', '25000'),
('B061', 'C0121', 'R021', '23000'),
('B062', 'C0123', 'R023', '13000'),
('B063', 'C0125', 'R025', '6000'),
('B064', 'C0127', 'R027', '5000'),
('B065', 'C0129', 'R029', '6500'),
('B066', 'C0131', 'R031', '25500'),
('B067', 'C0133', 'R033', '15000'),
('B068', 'C0135', 'R035', '21000'),
('B069', 'C0137', 'R037', '19000'),
('B070', 'C0139', 'R039', '11000'),
('B071', 'C0141', 'R041', '14000'),
('B072', 'C0143', 'R043', '18000'),
('B073', 'C0145', 'R045', '16000'),
('B074', 'C0147', 'R047', '26000'),
('B075', 'C0149', 'R049', '21000'),
('B076', 'C0151', 'R041', '22000'),
('B077', 'C0153', 'R043', '26000'),
('B078', 'C0155', 'R045', '19000'),
('B079', 'C0157', 'R047', '16000'),
('B080', 'C0159', 'R049', '18000'),
('B081', 'C0161', 'R031', '23000'),
('B082', 'C0163', 'R033', '7000'),
('B083', 'C0165', 'R035', '5000'),
('B084', 'C0167', 'R037', '9000'),
('B085', 'C0169', 'R039', '10000'),
('B086', 'C0171', 'R021', '14000'),
('B087', 'C0173', 'R023', '13000'),
('B088', 'C0175', 'R025', '11000'),
('B089', 'C0177', 'R027', '15000'),
('B090', 'C0179', 'R029', '27000'),
('B091', 'C0181', 'R011', '13000'),
('B092', 'C0183', 'R013', '5000'),
('B093', 'C0185', 'R015', '60000'),
('B094', 'C0187', 'R017', '80000'),
('B095', 'C0189', 'R009', '10000'),
('B096', 'C0191', 'R001', '20000'),
('B097', 'C0193', 'R003', '25000'),
('B098', 'C0195', 'R005', '19000'),
('B099', 'C0197', 'R007', '22000'),
('B100', 'C0198', 'R009', '14000')

create table Billing_Details(
BillingID varchar(10) foreign key references Billing(BillingID) primary key,
ServiceID varchar(15) foreign key references Services(ServiceID),
cost varchar(10))


insert into Billing_Details
values('B001', 'S002', '500'),
('B002', 'S004', '1000'),
('B003', 'S006', '200'),
('B004', 'S008', '1500'),
('B005', 'S010', '200'),
('B006', 'S012', '120'),
('B007', 'S014', '800'),
('B008', 'S016', '1000'),
('B009', 'S018', '1200'),
('B010', 'S020', '250'),
('B011', 'S022', '500'),
('B012', 'S024', '1000'),
('B013', 'S001', '5000'),
('B014', 'S003', '500'),
('B015', 'S005', '2000'),
('B016', 'S007', '700'),
('B017', 'S009', '800'),
('B018', 'S011', '150'),
('B019', 'S013', '500'),
('B020', 'S015', '200'),
('B021', 'S017', '60'),
('B022', 'S019', '300'),
('B023', 'S021', '500'),
('B024', 'S023', '1000'),
('B025', 'S002', '500'),
('B026', 'S004', '1000'),
('B027', 'S006', '200'),
('B028', 'S008', '1500'),
('B029', 'S010', '200'),
('B030', 'S012', '120'),
('B031', 'S014', '800'),
('B032', 'S016', '1000'),
('B033', 'S018', '1200'),
('B034', 'S020', '250'),
('B035', 'S022', '500'),
('B036', 'S024', '1000'),
('B037', 'S001', '5000'),
('B038', 'S003', '500'),
('B039', 'S005', '2000'),
('B040', 'S007', '700'),
('B041', 'S009', '800'),
('B042', 'S011', '150'),
('B043', 'S013', '500'),
('B044', 'S015', '200'),
('B045', 'S017', '60'),
('B046', 'S019', '300'),
('B047', 'S021', '500'),
('B048', 'S023', '1000'),
('B049', 'S002', '500'),
('B050', 'S004', '1000'),
('B051', 'S006', '200'),
('B052', 'S008', '1500'),
('B053', 'S010', '200'),
('B054', 'S012', '120'),
('B055', 'S014', '800'),
('B056', 'S016', '1000'),
('B057', 'S018', '1200'),
('B058', 'S020', '250'),
('B059', 'S022', '500'),
('B060', 'S024', '1000'),
('B061', 'S001', '5000'),
('B062', 'S003', '500'),
('B063', 'S005', '2000'),
('B064', 'S007', '700'),
('B065', 'S009', '800'),
('B066', 'S011', '150'),
('B067', 'S013', '500'),
('B068', 'S015', '200'),
('B069', 'S017', '60'),
('B070', 'S019', '300'),
('B071', 'S021', '500'),
('B072', 'S023', '1000'),
('B073', 'S002', '500'),
('B074', 'S004', '1000'),
('B075', 'S006', '200'),
('B076', 'S008', '1500'),
('B077', 'S010', '200'),
('B078', 'S012', '120'),
('B079', 'S014', '800'),
('B080', 'S016', '1000'),
('B081', 'S018', '1200'),
('B082', 'S020', '250'),
('B083', 'S022', '500'),
('B084', 'S024', '1000'),
('B085', 'S001', '5000'),
('B086', 'S003', '500'),
('B087', 'S005', '2000'),
('B088', 'S007', '700'),
('B089', 'S009', '800'),
('B090', 'S011', '150'),
('B091', 'S013', '500'),
('B092', 'S015', '200'),
('B093', 'S017', '60'),
('B094', 'S019', '300'),
('B095', 'S021', '500'),
('B096', 'S022', '500'),
('B097', 'S024', '1000'),
('B098', 'S001', '5000'),
('B099', 'S003', '500'),
('B100', 'S005', '2000')



create table Menu(FoodID varchar(5) primary key,
					FoodName varchar(50) ,
					PrepTime time ,
					Price$ integer)
create table FoodOrder(OrderID varchar(5) primary key,
	FoodID varchar(5) foreign key references Menu(FoodID),
	CustID varchar(100) foreign key references Customers(CustID) ,
	OrderType varchar(50),
	--DateOrdered date,
	TimeOrdered time
	)

create table Feedback(FeedbackID varchar(5) primary key,
	CustomerID varchar(100) foreign key references Customers(CustID),
	ConcernedDepartmentID varchar(10) foreign key references Department(DeptID),
	Detail varchar(50) ,
	NumberOfStars integer)

create table Finance(DEPTID varchar(10) foreign key references Department(DeptID) primary key,
	Budget integer,
	Expense integer,
		HotelID varchar(10) foreign key references Hotel(Hotel_ID))

Insert into Menu
Values ('F001','Garlic Bread' , '00:20:00' , 5),
	('F002','Mozarella Sticks' , '00:25:00' , 5),
	('F003','Cheese Platter' , '00:10:00' , 10),
	('F004','Pizza Rolls' , '00:30:00' , 7.5),
	('F005','Tomato Soup' , '00:25:00' , 2.5),
	('F006','Ceaser Salad' , '00:10:00' , 3),
	('F007','Mediterranian Salad' , '00:10:00' , 3),
	('F008','Greek Salad' , '00:10:00' , 4),
	('F009','Arugula Salad' , '00:15:00' , 4),
	('F010','Caprese Salad' , '00:10:00' , 6),
	('F011','Agli e Oli' , '00:40:00' , 9),
	('F012','Rattlesnake Alfredo Pasta' , '00:35:00' , 8.5),
	('F013','Cacio e Pepe' , '00:40:00' , 8),
	('F014','Meat balls and Spaghetti' , '00:40:00' , 7),
	('F015','Fettuccine Alfredo' , '00:45:00' , 6),
	('F016','5-cheese Ziti Al Forno' , '00:40:00' , 3),
	('F017','Carbonara' , '00:45:00' , 8),
	('F018','Lime Shrimp Pasta' , '00:50:00' , 10),
	('F019','Ravioli Lasagna' , '00:45:00' , 9.5),
	('F020','Spinach Lasagna' , '00:40:00' , 8),
	('F021','Pesto Spaghetti' , '00:50:00' , 7),
	('F022','Tenderloin Steak' , '01:10:00' , 12),
	('F023','Fried Chicken Steak' , '00:55:00' , 10),
	('F024','Veggie Burger' , '00:20:00' , 8),
	('F025','Tofu dumplings' , '00:30:00' , 7),
	('F026','Crabs and Caviar Brioche' , '01:20:00' , 15),
	('F027','Margarita Pizza' , '00:45:00' , 6),
	('F028','Molten Lava Cake' , '00:30:00' , 5),
	('F029','Skillet Brownie' , '00:30:00' , 6),
	('F030','Choclate Ice cream sundae' , '00:10:00' , 3),
	('F031','Strawberry Sherbert' , '00:15:00' , 2.5),
	('F032','Lemon Cheescake' , '00:35:00' , 4),
	('F033','Baked Alaska' , '00:30:00' , 5.5),
	('F034','Mint Margarita' , '00:05:00' , 2),
	('F035','Electric Lemonade' , '00:10:00' , 2),
	('F036','Berry Smoothie' , '00:10:00' , 3),
	('F037','Apple Lemonade' , '00:05:00' , 2.5),
	('F038','Black Coffee' , '00:10:00' , 2.5),
	('F039','Tea' , '00:10:00' , 2),
	('F040','Latte' , '00:15:00' , 3)

Insert into FoodOrder
Values ('O001','F040','C0176' ,'Room Delivery','15:10:00'), 
 ('O002','F037','C0078' ,'Takeaway','20:13:00'), 
 ('O003','F021','C0121' ,'Takeaway','06:25:00'), 
 ('O004','F038','C0018' ,'Takeaway','06:09:00'), 
 ('O005','F007','C0170' ,'Dine-in','08:59:00'), 
 ('O006','F032','C0028' ,'Room Delivery','19:23:00'), 
 ('O007','F035','C0175' ,'Dine-in','02:17:00'), 
 ('O008','F006','C0182' ,'Dine-in','10:10:00'), 
 ('O009','F040','C0021' ,'Dine-in','10:42:00'), 
 ('O010','F025','C0187' ,'Dine-in','20:16:00'), 
 ('O011','F008','C0131' ,'Takeaway','07:11:00'), 
 ('O012','F032','C0136' ,'Takeaway','05:32:00'), 
 ('O013','F037','C0161' ,'Takeaway','01:53:00'), 
 ('O014','F015','C0131' ,'Room Delivery','15:56:00'), 
 ('O015','F021','C0175' ,'Dine-in','20:43:00'), 
 ('O016','F033','C0096' ,'Dine-in','12:30:00'), 
 ('O017','F005','C0059' ,'Room Delivery','14:53:00'), 
 ('O018','F004','C0122' ,'Dine-in','20:46:00'), 
 ('O019','F034','C0134' ,'Room Delivery','00:41:00'), 
 ('O020','F023','C0138' ,'Takeaway','21:28:00'), 
 ('O021','F039','C0094' ,'Room Delivery','04:02:00'), 
 ('O022','F003','C0102' ,'Room Delivery','14:53:00'), 
 ('O023','F008','C0023' ,'Room Delivery','15:38:00'), 
 ('O024','F029','C0011' ,'Dine-in','04:06:00'), 
 ('O025','F001','C0113' ,'Takeaway','15:16:00'), 
 ('O026','F008','C0054' ,'Room Delivery','11:03:00'), 
 ('O027','F039','C0175' ,'Takeaway','05:07:00'), 
 ('O028','F032','C0056' ,'Room Delivery','01:31:00'), 
 ('O029','F014','C0022' ,'Room Delivery','10:27:00'), 
 ('O030','F016','C0004' ,'Takeaway','14:22:00'), 
 ('O031','F036','C0023' ,'Dine-in','14:07:00'), 
 ('O032','F020','C0191' ,'Room Delivery','09:50:00'), 
 ('O033','F037','C0145' ,'Dine-in','00:08:00'), 
 ('O034','F013','C0039' ,'Dine-in','11:29:00'), 
 ('O035','F013','C0030' ,'Room Delivery','07:46:00'), 
 ('O036','F016','C0144' ,'Takeaway','14:24:00'), 
 ('O037','F025','C0063' ,'Dine-in','07:31:00'), 
 ('O038','F036','C0055' ,'Takeaway','20:58:00'), 
 ('O039','F022','C0143' ,'Dine-in','15:22:00'), 
 ('O040','F001','C0024' ,'Takeaway','04:14:00'), 
 ('O041','F022','C0119' ,'Dine-in','06:32:00'), 
 ('O042','F039','C0045' ,'Takeaway','01:38:00'), 
 ('O043','F008','C0135' ,'Takeaway','16:42:00'), 
 ('O044','F022','C0051' ,'Dine-in','12:07:00'), 
 ('O045','F013','C0132' ,'Dine-in','09:03:00'), 
 ('O046','F011','C0075' ,'Room Delivery','17:14:00'), 
 ('O047','F004','C0016' ,'Room Delivery','05:07:00'), 
 ('O048','F012','C0104' ,'Dine-in','18:16:00'), 
 ('O049','F010','C0175' ,'Room Delivery','15:37:00'), 
 ('O050','F004','C0104' ,'Takeaway','03:04:00'), 
 ('O051','F017','C0041' ,'Takeaway','04:00:00'), 
 ('O052','F010','C0021' ,'Dine-in','14:23:00'), 
 ('O053','F020','C0179' ,'Takeaway','05:58:00'), 
 ('O054','F001','C0065' ,'Dine-in','20:19:00'), 
 ('O055','F025','C0088' ,'Room Delivery','20:19:00'), 
 ('O056','F031','C0122' ,'Room Delivery','05:27:00'), 
 ('O057','F011','C0016' ,'Dine-in','10:25:00'), 
 ('O058','F002','C0133' ,'Takeaway','23:00:00'), 
 ('O059','F018','C0117' ,'Room Delivery','06:29:00'), 
 ('O060','F030','C0032' ,'Takeaway','17:55:00'), 
 ('O061','F026','C0194' ,'Room Delivery','02:24:00'), 
 ('O062','F025','C0036' ,'Takeaway','14:04:00'), 
 ('O063','F024','C0003' ,'Dine-in','05:10:00'), 
 ('O064','F033','C0072' ,'Dine-in','17:34:00'), 
 ('O065','F031','C0093' ,'Takeaway','00:56:00'), 
 ('O066','F029','C0122' ,'Takeaway','16:42:00'), 
 ('O067','F026','C0146' ,'Dine-in','01:42:00'), 
 ('O068','F020','C0042' ,'Takeaway','19:36:00'), 
 ('O069','F005','C0013' ,'Takeaway','19:03:00'), 
 ('O070','F031','C0170' ,'Dine-in','01:23:00'), 
 ('O071','F014','C0040' ,'Takeaway','17:02:00'), 
 ('O072','F003','C0146' ,'Room Delivery','05:06:00'), 
 ('O073','F040','C0053' ,'Dine-in','11:24:00'), 
 ('O074','F029','C0067' ,'Dine-in','09:46:00'), 
 ('O075','F013','C0025' ,'Room Delivery','19:47:00'), 
 ('O076','F032','C0101' ,'Takeaway','18:24:00'), 
 ('O077','F024','C0160' ,'Takeaway','07:51:00'), 
 ('O078','F010','C0093' ,'Room Delivery','00:08:00'), 
 ('O079','F021','C0008' ,'Room Delivery','03:58:00'), 
 ('O080','F024','C0038' ,'Dine-in','23:45:00'), 
 ('O081','F036','C0158' ,'Room Delivery','20:20:00'), 
 ('O082','F003','C0144' ,'Dine-in','14:08:00'), 
 ('O083','F039','C0159' ,'Takeaway','20:26:00'), 
 ('O084','F010','C0129' ,'Takeaway','23:55:00'), 
 ('O085','F034','C0009' ,'Dine-in','06:43:00'), 
 ('O086','F040','C0179' ,'Takeaway','13:32:00'), 
 ('O087','F002','C0130' ,'Room Delivery','09:49:00'), 
 ('O088','F009','C0014' ,'Takeaway','09:39:00'), 
 ('O089','F003','C0135' ,'Room Delivery','00:03:00'), 
 ('O090','F025','C0094' ,'Room Delivery','23:22:00'), 
 ('O091','F014','C0188' ,'Dine-in','14:51:00'), 
 ('O092','F027','C0057' ,'Takeaway','11:40:00'), 
 ('O093','F010','C0092' ,'Dine-in','21:38:00'), 
 ('O094','F015','C0052' ,'Takeaway','14:08:00'), 
 ('O095','F026','C0103' ,'Room Delivery','04:20:00'), 
 ('O096','F020','C0094' ,'Room Delivery','23:00:00'), 
 ('O097','F038','C0161' ,'Room Delivery','12:47:00'), 
 ('O098','F002','C0006' ,'Room Delivery','11:12:00'), 
 ('O099','F004','C0166' ,'Room Delivery','21:24:00'), 
 ('O100','F020','C0037' ,'Room Delivery','04:31:00'), 
 ('O101','F023','C0168' ,'Room Delivery','02:51:00'), 
 ('O102','F039','C0078' ,'Dine-in','06:26:00'), 
 ('O103','F035','C0082' ,'Room Delivery','16:49:00'), 
 ('O104','F013','C0051' ,'Takeaway','11:33:00'), 
 ('O105','F030','C0035' ,'Room Delivery','02:48:00'), 
 ('O106','F030','C0016' ,'Takeaway','00:13:00'), 
 ('O107','F035','C0019' ,'Dine-in','13:51:00'), 
 ('O108','F032','C0072' ,'Dine-in','15:29:00'), 
 ('O109','F026','C0179' ,'Room Delivery','00:10:00'), 
 ('O110','F016','C0176' ,'Dine-in','18:15:00'), 
 ('O111','F028','C0156' ,'Takeaway','01:20:00'), 
 ('O112','F031','C0159' ,'Room Delivery','04:53:00'), 
 ('O113','F029','C0131' ,'Takeaway','19:05:00'), 
 ('O114','F003','C0119' ,'Dine-in','10:12:00'), 
 ('O115','F021','C0106' ,'Takeaway','22:17:00'), 
 ('O116','F028','C0184' ,'Room Delivery','11:12:00'), 
 ('O117','F002','C0097' ,'Room Delivery','19:24:00'), 
 ('O118','F014','C0155' ,'Takeaway','16:26:00'), 
 ('O119','F038','C0093' ,'Takeaway','18:48:00'), 
 ('O120','F022','C0086' ,'Dine-in','04:28:00'), 
 ('O121','F033','C0182' ,'Takeaway','11:05:00'), 
 ('O122','F008','C0167' ,'Room Delivery','20:52:00'), 
 ('O123','F039','C0151' ,'Takeaway','16:40:00'), 
 ('O124','F027','C0079' ,'Takeaway','14:40:00'), 
 ('O125','F031','C0056' ,'Takeaway','16:53:00'), 
 ('O126','F003','C0122' ,'Dine-in','11:35:00'), 
 ('O127','F018','C0161' ,'Dine-in','07:44:00'), 
 ('O128','F015','C0065' ,'Dine-in','06:49:00'), 
 ('O129','F009','C0179' ,'Room Delivery','12:36:00'), 
 ('O130','F019','C0017' ,'Room Delivery','04:22:00'), 
 ('O131','F029','C0092' ,'Room Delivery','10:10:00'), 
 ('O132','F025','C0090' ,'Room Delivery','22:31:00'), 
 ('O133','F005','C0059' ,'Takeaway','04:11:00'), 
 ('O134','F025','C0095' ,'Dine-in','03:57:00'), 
 ('O135','F021','C0025' ,'Room Delivery','10:33:00'), 
 ('O136','F014','C0032' ,'Dine-in','04:44:00'), 
 ('O137','F014','C0060' ,'Room Delivery','14:16:00'), 
 ('O138','F004','C0121' ,'Dine-in','17:15:00'), 
 ('O139','F016','C0184' ,'Dine-in','20:57:00'), 
 ('O140','F012','C0030' ,'Takeaway','06:46:00'), 
 ('O141','F040','C0103' ,'Takeaway','14:06:00'), 
 ('O142','F039','C0182' ,'Room Delivery','04:29:00'), 
 ('O143','F015','C0188' ,'Dine-in','05:57:00'), 
 ('O144','F039','C0088' ,'Takeaway','03:04:00'), 
 ('O145','F033','C0111' ,'Takeaway','06:32:00'), 
 ('O146','F010','C0027' ,'Dine-in','07:17:00'), 
 ('O147','F038','C0092' ,'Takeaway','12:47:00'), 
 ('O148','F007','C0127' ,'Takeaway','12:23:00'), 
 ('O149','F008','C0024' ,'Dine-in','06:56:00'), 
 ('O150','F031','C0179' ,'Dine-in','17:37:00'), 
 ('O151','F006','C0031' ,'Room Delivery','09:16:00'), 
 ('O152','F026','C0192' ,'Takeaway','03:04:00'), 
 ('O153','F035','C0046' ,'Dine-in','21:52:00'), 
 ('O154','F009','C0014' ,'Room Delivery','10:27:00'), 
 ('O155','F002','C0090' ,'Takeaway','18:14:00'), 
 ('O156','F031','C0161' ,'Room Delivery','05:58:00'), 
 ('O157','F030','C0122' ,'Dine-in','11:12:00'), 
 ('O158','F003','C0009' ,'Dine-in','12:35:00'), 
 ('O159','F028','C0083' ,'Dine-in','02:32:00'), 
 ('O160','F018','C0026' ,'Room Delivery','12:16:00'), 
 ('O161','F040','C0025' ,'Takeaway','21:40:00'), 
 ('O162','F006','C0107' ,'Takeaway','14:39:00'), 
 ('O163','F033','C0034' ,'Room Delivery','10:23:00'), 
 ('O164','F028','C0102' ,'Dine-in','12:08:00'), 
 ('O165','F029','C0056' ,'Dine-in','06:16:00'), 
 ('O166','F033','C0185' ,'Dine-in','08:29:00'), 
 ('O167','F028','C0180' ,'Room Delivery','00:21:00'), 
 ('O168','F012','C0148' ,'Dine-in','02:29:00'), 
 ('O169','F002','C0140' ,'Takeaway','16:46:00'), 
 ('O170','F003','C0061' ,'Takeaway','19:47:00'), 
 ('O171','F007','C0126' ,'Room Delivery','16:32:00'), 
 ('O172','F003','C0109' ,'Dine-in','09:50:00'), 
 ('O173','F004','C0159' ,'Takeaway','12:26:00'), 
 ('O174','F035','C0167' ,'Dine-in','16:20:00'), 
 ('O175','F008','C0059' ,'Room Delivery','03:16:00'), 
 ('O176','F021','C0096' ,'Room Delivery','09:37:00'), 
 ('O177','F038','C0168' ,'Takeaway','02:10:00'), 
 ('O178','F014','C0012' ,'Takeaway','08:02:00'), 
 ('O179','F027','C0081' ,'Takeaway','22:43:00'), 
 ('O180','F039','C0115' ,'Takeaway','16:26:00'), 
 ('O181','F019','C0091' ,'Takeaway','20:47:00'), 
 ('O182','F016','C0089' ,'Dine-in','10:39:00'), 
 ('O183','F031','C0025' ,'Room Delivery','16:23:00'), 
 ('O184','F003','C0078' ,'Takeaway','23:21:00'), 
 ('O185','F025','C0050' ,'Room Delivery','07:24:00'), 
 ('O186','F007','C0060' ,'Dine-in','02:49:00'), 
 ('O187','F034','C0120' ,'Dine-in','09:36:00'), 
 ('O188','F035','C0186' ,'Room Delivery','17:54:00'), 
 ('O189','F035','C0078' ,'Room Delivery','18:35:00'), 
 ('O190','F010','C0110' ,'Room Delivery','15:04:00'), 
 ('O191','F040','C0173' ,'Takeaway','18:16:00'), 
 ('O192','F024','C0175' ,'Room Delivery','05:10:00'), 
 ('O193','F014','C0186' ,'Takeaway','22:22:00'), 
 ('O194','F016','C0071' ,'Takeaway','08:41:00'), 
 ('O195','F031','C0187' ,'Dine-in','01:34:00'), 
 ('O196','F038','C0052' ,'Dine-in','22:21:00'), 
 ('O197','F011','C0100' ,'Room Delivery','04:09:00'), 
 ('O198','F039','C0071' ,'Takeaway','00:19:00'), 
 ('O199','F001','C0063' ,'Room Delivery','02:46:00'), 
 ('O200','F021','C0031' ,'Dine-in','23:43:00'), 
 ('O201','F040','C0193' ,'Room Delivery','07:28:00'), 
 ('O202','F003','C0132' ,'Takeaway','02:42:00'), 
 ('O203','F003','C0170' ,'Room Delivery','13:07:00'), 
 ('O204','F019','C0083' ,'Room Delivery','03:24:00'), 
 ('O205','F001','C0102' ,'Room Delivery','16:57:00'), 
 ('O206','F030','C0144' ,'Dine-in','01:18:00'), 
 ('O207','F005','C0091' ,'Dine-in','00:36:00'), 
 ('O208','F010','C0160' ,'Dine-in','17:30:00'), 
 ('O209','F007','C0181' ,'Room Delivery','08:54:00'), 
 ('O210','F012','C0187' ,'Room Delivery','00:19:00'), 
 ('O211','F011','C0060' ,'Room Delivery','20:46:00'), 
 ('O212','F006','C0156' ,'Room Delivery','12:08:00'), 
 ('O213','F029','C0153' ,'Dine-in','01:16:00'), 
 ('O214','F015','C0087' ,'Room Delivery','16:37:00'), 
 ('O215','F006','C0050' ,'Dine-in','03:08:00'), 
 ('O216','F034','C0148' ,'Room Delivery','12:42:00'), 
 ('O217','F029','C0063' ,'Takeaway','12:53:00'), 
 ('O218','F038','C0138' ,'Takeaway','18:19:00'), 
 ('O219','F002','C0090' ,'Takeaway','02:28:00'), 
 ('O220','F013','C0171' ,'Takeaway','07:46:00'), 
 ('O221','F033','C0057' ,'Room Delivery','01:53:00'), 
 ('O222','F028','C0190' ,'Takeaway','12:54:00'), 
 ('O223','F011','C0164' ,'Dine-in','10:53:00'), 
 ('O224','F022','C0055' ,'Takeaway','10:35:00'), 
 ('O225','F039','C0126' ,'Takeaway','12:26:00'), 
 ('O226','F035','C0013' ,'Takeaway','13:12:00'), 
 ('O227','F012','C0075' ,'Dine-in','09:40:00'), 
 ('O228','F009','C0112' ,'Dine-in','20:33:00'), 
 ('O229','F003','C0140' ,'Dine-in','20:55:00'), 
 ('O230','F032','C0195' ,'Room Delivery','11:19:00'), 
 ('O231','F012','C0039' ,'Room Delivery','14:59:00'), 
 ('O232','F024','C0148' ,'Dine-in','04:34:00'), 
 ('O233','F006','C0112' ,'Takeaway','07:16:00'), 
 ('O234','F017','C0179' ,'Takeaway','18:20:00'), 
 ('O235','F005','C0191' ,'Takeaway','12:16:00'), 
 ('O236','F034','C0015' ,'Room Delivery','17:35:00'), 
 ('O237','F006','C0187' ,'Dine-in','14:23:00'), 
 ('O238','F034','C0130' ,'Dine-in','12:16:00'), 
 ('O239','F013','C0164' ,'Room Delivery','04:19:00'), 
 ('O240','F031','C0135' ,'Room Delivery','08:25:00'), 
 ('O241','F031','C0062' ,'Room Delivery','11:22:00'), 
 ('O242','F037','C0041' ,'Takeaway','19:12:00'), 
 ('O243','F011','C0109' ,'Room Delivery','09:54:00'), 
 ('O244','F029','C0167' ,'Takeaway','05:50:00'), 
 ('O245','F030','C0122' ,'Dine-in','12:00:00'), 
 ('O246','F018','C0020' ,'Dine-in','21:55:00'), 
 ('O247','F009','C0128' ,'Takeaway','18:24:00'), 
 ('O248','F014','C0077' ,'Takeaway','17:19:00'), 
 ('O249','F031','C0002' ,'Dine-in','14:32:00'), 
 ('O250','F039','C0027' ,'Dine-in','06:11:00'), 
 ('O251','F021','C0036' ,'Takeaway','04:27:00'), 
 ('O252','F011','C0160' ,'Room Delivery','05:23:00'), 
 ('O253','F037','C0141' ,'Takeaway','22:27:00'), 
 ('O254','F039','C0181' ,'Room Delivery','18:54:00'), 
 ('O255','F026','C0109' ,'Takeaway','04:05:00'), 
 ('O256','F003','C0193' ,'Dine-in','08:22:00'), 
 ('O257','F008','C0116' ,'Takeaway','12:33:00'), 
 ('O258','F037','C0175' ,'Dine-in','03:22:00'), 
 ('O259','F030','C0037' ,'Takeaway','02:07:00'), 
 ('O260','F029','C0101' ,'Room Delivery','05:07:00'), 
 ('O261','F009','C0084' ,'Dine-in','22:43:00'), 
 ('O262','F008','C0170' ,'Takeaway','02:43:00'), 
 ('O263','F012','C0035' ,'Dine-in','07:04:00'), 
 ('O264','F007','C0132' ,'Room Delivery','09:50:00'), 
 ('O265','F026','C0121' ,'Dine-in','15:13:00'), 
 ('O266','F018','C0018' ,'Takeaway','12:00:00'), 
 ('O267','F028','C0096' ,'Dine-in','00:32:00'), 
 ('O268','F023','C0098' ,'Takeaway','02:02:00'), 
 ('O269','F005','C0147' ,'Takeaway','21:21:00'), 
 ('O270','F029','C0104' ,'Takeaway','08:23:00'), 
 ('O271','F025','C0063' ,'Takeaway','22:54:00'), 
 ('O272','F015','C0058' ,'Room Delivery','03:31:00'), 
 ('O273','F029','C0081' ,'Room Delivery','17:46:00'), 
 ('O274','F029','C0048' ,'Takeaway','19:28:00'), 
 ('O275','F037','C0113' ,'Room Delivery','18:31:00'), 
 ('O276','F008','C0049' ,'Takeaway','08:11:00'), 
 ('O277','F026','C0125' ,'Takeaway','20:33:00'), 
 ('O278','F028','C0010' ,'Takeaway','16:29:00'), 
 ('O279','F010','C0028' ,'Takeaway','04:32:00'), 
 ('O280','F038','C0094' ,'Takeaway','06:22:00'), 
 ('O281','F001','C0138' ,'Dine-in','15:19:00'), 
 ('O282','F012','C0156' ,'Takeaway','19:40:00'), 
 ('O283','F025','C0095' ,'Takeaway','04:02:00'), 
 ('O284','F001','C0131' ,'Room Delivery','04:54:00'), 
 ('O285','F040','C0092' ,'Dine-in','05:01:00'), 
 ('O286','F018','C0081' ,'Dine-in','02:45:00'), 
 ('O287','F001','C0059' ,'Dine-in','20:56:00'), 
 ('O288','F040','C0095' ,'Room Delivery','03:19:00'), 
 ('O289','F040','C0153' ,'Takeaway','12:11:00'), 
 ('O290','F022','C0162' ,'Dine-in','13:21:00'), 
 ('O291','F022','C0154' ,'Room Delivery','11:07:00'), 
 ('O292','F011','C0093' ,'Room Delivery','17:43:00'), 
 ('O293','F013','C0183' ,'Takeaway','03:23:00'), 
 ('O294','F032','C0030' ,'Dine-in','04:30:00'), 
 ('O295','F002','C0036' ,'Dine-in','03:38:00'), 
 ('O296','F007','C0170' ,'Takeaway','17:12:00'), 
 ('O297','F031','C0109' ,'Dine-in','09:45:00'), 
 ('O298','F015','C0022' ,'Dine-in','10:48:00'), 
 ('O299','F006','C0089' ,'Takeaway','00:46:00'), 
 ('O300','F018','C0179' ,'Takeaway','07:53:00'), 
 ('O301','F036','C0067' ,'Takeaway','14:46:00'), 
 ('O302','F021','C0151' ,'Room Delivery','23:43:00'), 
 ('O303','F016','C0016' ,'Room Delivery','17:16:00'), 
 ('O304','F039','C0124' ,'Dine-in','20:39:00'), 
 ('O305','F037','C0179' ,'Room Delivery','14:49:00'), 
 ('O306','F020','C0014' ,'Dine-in','15:36:00'), 
 ('O307','F013','C0169' ,'Room Delivery','10:17:00'), 
 ('O308','F033','C0042' ,'Takeaway','10:29:00'), 
 ('O309','F018','C0128' ,'Takeaway','22:15:00'), 
 ('O310','F027','C0075' ,'Dine-in','16:53:00'), 
 ('O311','F027','C0106' ,'Room Delivery','12:45:00'), 
 ('O312','F019','C0068' ,'Dine-in','17:33:00'), 
 ('O313','F015','C0047' ,'Room Delivery','20:51:00'), 
 ('O314','F017','C0109' ,'Dine-in','09:25:00'), 
 ('O315','F025','C0022' ,'Dine-in','23:31:00'), 
 ('O316','F031','C0118' ,'Room Delivery','13:40:00'), 
 ('O317','F020','C0070' ,'Room Delivery','13:09:00'), 
 ('O318','F005','C0192' ,'Room Delivery','13:44:00'), 
 ('O319','F010','C0112' ,'Takeaway','20:27:00'), 
 ('O320','F020','C0141' ,'Room Delivery','23:02:00'), 
 ('O321','F008','C0117' ,'Takeaway','05:16:00'), 
 ('O322','F006','C0133' ,'Room Delivery','18:56:00'), 
 ('O323','F010','C0161' ,'Room Delivery','20:13:00'), 
 ('O324','F015','C0014' ,'Takeaway','07:35:00'), 
 ('O325','F025','C0145' ,'Dine-in','07:09:00'), 
 ('O326','F025','C0146' ,'Room Delivery','11:06:00'), 
 ('O327','F028','C0053' ,'Dine-in','04:17:00'), 
 ('O328','F032','C0020' ,'Dine-in','08:35:00'), 
 ('O329','F010','C0092' ,'Takeaway','13:40:00'), 
 ('O330','F032','C0130' ,'Dine-in','22:04:00'), 
 ('O331','F027','C0031' ,'Dine-in','02:02:00'), 
 ('O332','F034','C0071' ,'Room Delivery','19:44:00'), 
 ('O333','F016','C0068' ,'Takeaway','10:47:00'), 
 ('O334','F026','C0057' ,'Dine-in','14:11:00'), 
 ('O335','F014','C0091' ,'Room Delivery','15:09:00'), 
 ('O336','F001','C0071' ,'Takeaway','23:15:00'), 
 ('O337','F033','C0187' ,'Takeaway','12:23:00'), 
 ('O338','F019','C0183' ,'Dine-in','23:26:00'), 
 ('O339','F015','C0084' ,'Takeaway','15:06:00'), 
 ('O340','F010','C0097' ,'Dine-in','02:51:00'), 
 ('O341','F036','C0142' ,'Room Delivery','02:00:00'), 
 ('O342','F017','C0111' ,'Dine-in','14:05:00'), 
 ('O343','F004','C0044' ,'Dine-in','20:58:00'), 
 ('O344','F029','C0048' ,'Room Delivery','14:19:00'), 
 ('O345','F030','C0024' ,'Takeaway','16:45:00'), 
 ('O346','F031','C0080' ,'Dine-in','23:03:00'), 
 ('O347','F007','C0155' ,'Room Delivery','14:44:00'), 
 ('O348','F034','C0196' ,'Takeaway','18:31:00'), 
 ('O349','F026','C0026' ,'Dine-in','13:49:00'), 
 ('O350','F033','C0137' ,'Dine-in','08:21:00'), 
 ('O351','F029','C0123' ,'Takeaway','06:59:00'), 
 ('O352','F007','C0074' ,'Dine-in','01:16:00'), 
 ('O353','F034','C0065' ,'Dine-in','06:34:00'), 
 ('O354','F002','C0004' ,'Dine-in','10:48:00'), 
 ('O355','F039','C0131' ,'Takeaway','16:16:00'), 
 ('O356','F023','C0144' ,'Dine-in','00:42:00'), 
 ('O357','F001','C0114' ,'Room Delivery','20:39:00'), 
 ('O358','F012','C0173' ,'Room Delivery','03:58:00'), 
 ('O359','F039','C0151' ,'Room Delivery','06:49:00'), 
 ('O360','F013','C0179' ,'Room Delivery','05:11:00'), 
 ('O361','F003','C0186' ,'Dine-in','08:34:00'), 
 ('O362','F039','C0004' ,'Room Delivery','19:19:00'), 
 ('O363','F036','C0019' ,'Dine-in','17:55:00'), 
 ('O364','F006','C0197' ,'Room Delivery','09:47:00'), 
 ('O365','F024','C0080' ,'Room Delivery','07:29:00'), 
 ('O366','F001','C0165' ,'Room Delivery','20:24:00'), 
 ('O367','F006','C0014' ,'Room Delivery','22:41:00'), 
 ('O368','F022','C0197' ,'Takeaway','17:18:00'), 
 ('O369','F002','C0142' ,'Takeaway','09:40:00'), 
 ('O370','F013','C0141' ,'Room Delivery','16:51:00'), 
 ('O371','F020','C0020' ,'Room Delivery','00:19:00'), 
 ('O372','F026','C0171' ,'Dine-in','08:57:00'), 
 ('O373','F007','C0002' ,'Room Delivery','08:47:00'), 
 ('O374','F003','C0098' ,'Room Delivery','16:51:00'), 
 ('O375','F038','C0185' ,'Room Delivery','07:50:00'), 
 ('O376','F020','C0059' ,'Dine-in','22:14:00'), 
 ('O377','F023','C0099' ,'Room Delivery','12:33:00'), 
 ('O378','F020','C0146' ,'Room Delivery','05:46:00'), 
 ('O379','F004','C0017' ,'Takeaway','06:07:00'), 
 ('O380','F005','C0079' ,'Room Delivery','01:32:00'), 
 ('O381','F023','C0009' ,'Dine-in','11:31:00'), 
 ('O382','F017','C0125' ,'Room Delivery','13:44:00'), 
 ('O383','F020','C0157' ,'Dine-in','19:24:00'), 
 ('O384','F039','C0049' ,'Dine-in','05:43:00'), 
 ('O385','F027','C0093' ,'Room Delivery','04:27:00'), 
 ('O386','F022','C0080' ,'Dine-in','09:28:00'), 
 ('O387','F026','C0153' ,'Dine-in','04:56:00'), 
 ('O388','F030','C0179' ,'Takeaway','22:14:00'), 
 ('O389','F009','C0113' ,'Room Delivery','12:56:00'), 
 ('O390','F013','C0136' ,'Dine-in','22:30:00'), 
 ('O391','F025','C0024' ,'Takeaway','12:10:00'), 
 ('O392','F006','C0059' ,'Takeaway','06:47:00'), 
 ('O393','F025','C0043' ,'Dine-in','09:15:00'), 
 ('O394','F036','C0128' ,'Room Delivery','18:03:00'), 
 ('O395','F007','C0019' ,'Room Delivery','00:17:00'), 
 ('O396','F036','C0084' ,'Takeaway','21:04:00'), 
 ('O397','F024','C0178' ,'Takeaway','16:28:00'), 
 ('O398','F039','C0154' ,'Takeaway','01:07:00'), 
 ('O399','F003','C0117' ,'Dine-in','18:23:00'), 
 ('O400','F010','C0184' ,'Takeaway','04:42:00'), 
 ('O401','F040','C0017' ,'Room Delivery','15:50:00'), 
 ('O402','F027','C0131' ,'Dine-in','14:05:00'), 
 ('O403','F008','C0028' ,'Takeaway','18:25:00'), 
 ('O404','F006','C0126' ,'Room Delivery','18:46:00'), 
 ('O405','F036','C0122' ,'Room Delivery','12:42:00'), 
 ('O406','F002','C0057' ,'Takeaway','07:34:00'), 
 ('O407','F031','C0024' ,'Room Delivery','22:04:00'), 
 ('O408','F016','C0022' ,'Dine-in','11:48:00'), 
 ('O409','F003','C0175' ,'Takeaway','02:24:00'), 
 ('O410','F032','C0083' ,'Takeaway','22:12:00'), 
 ('O411','F040','C0155' ,'Takeaway','23:22:00'), 
 ('O412','F010','C0189' ,'Room Delivery','12:29:00'), 
 ('O413','F001','C0102' ,'Dine-in','01:19:00'), 
 ('O414','F010','C0039' ,'Takeaway','23:54:00'), 
 ('O415','F033','C0023' ,'Room Delivery','17:14:00'), 
 ('O416','F039','C0008' ,'Room Delivery','03:45:00'), 
 ('O417','F025','C0049' ,'Dine-in','01:14:00'), 
 ('O418','F019','C0151' ,'Dine-in','03:15:00'), 
 ('O419','F004','C0194' ,'Room Delivery','01:28:00'), 
 ('O420','F027','C0103' ,'Takeaway','21:53:00'), 
 ('O421','F015','C0065' ,'Dine-in','09:33:00'), 
 ('O422','F031','C0102' ,'Room Delivery','18:18:00'), 
 ('O423','F031','C0083' ,'Dine-in','01:50:00'), 
 ('O424','F006','C0017' ,'Dine-in','10:16:00'), 
 ('O425','F003','C0091' ,'Dine-in','01:02:00'), 
 ('O426','F010','C0156' ,'Room Delivery','20:57:00'), 
 ('O427','F032','C0187' ,'Room Delivery','07:08:00'), 
 ('O428','F020','C0151' ,'Room Delivery','08:21:00'), 
 ('O429','F008','C0111' ,'Takeaway','05:47:00'), 
 ('O430','F013','C0066' ,'Takeaway','18:05:00'), 
 ('O431','F028','C0088' ,'Takeaway','06:03:00'), 
 ('O432','F006','C0153' ,'Takeaway','00:59:00'), 
 ('O433','F024','C0023' ,'Dine-in','20:09:00'), 
 ('O434','F025','C0129' ,'Dine-in','15:22:00'), 
 ('O435','F037','C0116' ,'Room Delivery','11:32:00'), 
 ('O436','F037','C0040' ,'Room Delivery','03:12:00'), 
 ('O437','F028','C0065' ,'Dine-in','22:53:00'), 
 ('O438','F034','C0077' ,'Dine-in','03:57:00'), 
 ('O439','F002','C0108' ,'Room Delivery','09:56:00'), 
 ('O440','F007','C0109' ,'Dine-in','03:38:00'), 
 ('O441','F040','C0031' ,'Takeaway','16:19:00'), 
 ('O442','F024','C0107' ,'Dine-in','01:00:00'), 
 ('O443','F016','C0147' ,'Takeaway','05:08:00'), 
 ('O444','F006','C0135' ,'Dine-in','16:47:00'), 
 ('O445','F029','C0041' ,'Room Delivery','03:23:00'), 
 ('O446','F011','C0168' ,'Takeaway','08:55:00'), 
 ('O447','F023','C0197' ,'Takeaway','17:47:00'), 
 ('O448','F016','C0017' ,'Takeaway','01:49:00'), 
 ('O449','F026','C0076' ,'Room Delivery','17:08:00'), 
 ('O450','F004','C0080' ,'Dine-in','21:49:00'), 
 ('O451','F008','C0053' ,'Dine-in','18:43:00'), 
 ('O452','F023','C0176' ,'Takeaway','07:26:00'), 
 ('O453','F036','C0026' ,'Room Delivery','05:38:00'), 
 ('O454','F040','C0131' ,'Takeaway','08:01:00'), 
 ('O455','F038','C0030' ,'Takeaway','05:27:00'), 
 ('O456','F006','C0061' ,'Dine-in','18:14:00'), 
 ('O457','F026','C0024' ,'Room Delivery','10:56:00'), 
 ('O458','F007','C0001' ,'Dine-in','11:13:00'), 
 ('O459','F007','C0140' ,'Room Delivery','07:03:00'), 
 ('O460','F040','C0138' ,'Takeaway','01:02:00'), 
 ('O461','F005','C0158' ,'Takeaway','08:10:00'), 
 ('O462','F022','C0069' ,'Takeaway','08:00:00'), 
 ('O463','F031','C0194' ,'Takeaway','01:30:00'), 
 ('O464','F029','C0083' ,'Room Delivery','05:40:00'), 
 ('O465','F021','C0057' ,'Takeaway','01:38:00'), 
 ('O466','F012','C0065' ,'Room Delivery','21:23:00'), 
 ('O467','F018','C0146' ,'Room Delivery','11:40:00'), 
 ('O468','F032','C0019' ,'Dine-in','20:23:00'), 
 ('O469','F020','C0184' ,'Dine-in','13:04:00'), 
 ('O470','F006','C0164' ,'Dine-in','13:04:00'), 
 ('O471','F009','C0099' ,'Room Delivery','20:28:00'), 
 ('O472','F035','C0010' ,'Room Delivery','08:12:00'), 
 ('O473','F031','C0122' ,'Dine-in','12:25:00'), 
 ('O474','F029','C0194' ,'Dine-in','16:44:00'), 
 ('O475','F008','C0073' ,'Takeaway','02:19:00'), 
 ('O476','F018','C0148' ,'Dine-in','00:55:00'), 
 ('O477','F021','C0043' ,'Dine-in','13:37:00'), 
 ('O478','F034','C0193' ,'Dine-in','15:31:00'), 
 ('O479','F009','C0166' ,'Dine-in','00:35:00'), 
 ('O480','F036','C0001' ,'Takeaway','19:00:00'), 
 ('O481','F020','C0123' ,'Room Delivery','00:54:00'), 
 ('O482','F007','C0146' ,'Room Delivery','06:32:00'), 
 ('O483','F023','C0046' ,'Room Delivery','23:22:00'), 
 ('O484','F014','C0153' ,'Dine-in','06:23:00'), 
 ('O485','F039','C0163' ,'Dine-in','11:36:00'), 
 ('O486','F039','C0178' ,'Takeaway','20:53:00'), 
 ('O487','F036','C0142' ,'Takeaway','17:44:00'), 
 ('O488','F038','C0101' ,'Room Delivery','01:43:00'), 
 ('O489','F038','C0091' ,'Room Delivery','03:32:00'), 
 ('O490','F010','C0122' ,'Room Delivery','00:55:00'), 
 ('O491','F034','C0092' ,'Dine-in','20:32:00'), 
 ('O492','F039','C0169' ,'Dine-in','07:24:00'), 
 ('O493','F002','C0124' ,'Room Delivery','23:16:00'), 
 ('O494','F011','C0052' ,'Room Delivery','06:44:00'), 
 ('O495','F040','C0196' ,'Takeaway','17:40:00'), 
 ('O496','F005','C0068' ,'Takeaway','10:53:00'), 
 ('O497','F012','C0115' ,'Room Delivery','18:39:00'), 
 ('O498','F039','C0089' ,'Dine-in','02:23:00'), 
 ('O499','F023','C0100' ,'Room Delivery','03:37:00'), 
 ('O500','F034','C0036' ,'Dine-in','15:52:00'), 
 ('O501','F012','C0042' ,'Dine-in','05:54:00'), 
 ('O502','F017','C0129' ,'Dine-in','02:12:00'), 
 ('O503','F033','C0111' ,'Dine-in','09:23:00'), 
 ('O504','F025','C0136' ,'Room Delivery','15:44:00'), 
 ('O505','F011','C0157' ,'Dine-in','06:05:00'), 
 ('O506','F028','C0111' ,'Dine-in','15:56:00'), 
 ('O507','F034','C0185' ,'Takeaway','17:28:00'), 
 ('O508','F015','C0102' ,'Room Delivery','03:38:00'), 
 ('O509','F036','C0166' ,'Takeaway','10:21:00'), 
 ('O510','F038','C0074' ,'Dine-in','19:21:00'), 
 ('O511','F008','C0034' ,'Takeaway','01:58:00'), 
 ('O512','F006','C0021' ,'Room Delivery','21:28:00'), 
 ('O513','F019','C0100' ,'Takeaway','06:35:00'), 
 ('O514','F033','C0130' ,'Takeaway','09:11:00'), 
 ('O515','F011','C0065' ,'Dine-in','17:19:00'), 
 ('O516','F014','C0161' ,'Dine-in','12:47:00'), 
 ('O517','F028','C0122' ,'Dine-in','10:11:00'), 
 ('O518','F028','C0153' ,'Dine-in','02:22:00'), 
 ('O519','F032','C0091' ,'Room Delivery','13:27:00'), 
 ('O520','F023','C0068' ,'Takeaway','20:23:00'), 
 ('O521','F020','C0040' ,'Takeaway','00:57:00'), 
 ('O522','F016','C0194' ,'Room Delivery','06:16:00'), 
 ('O523','F014','C0183' ,'Dine-in','04:35:00'), 
 ('O524','F020','C0034' ,'Room Delivery','05:52:00'), 
 ('O525','F009','C0110' ,'Takeaway','04:21:00'), 
 ('O526','F039','C0194' ,'Room Delivery','05:27:00'), 
 ('O527','F027','C0106' ,'Dine-in','18:27:00'), 
 ('O528','F018','C0176' ,'Room Delivery','19:39:00'), 
 ('O529','F008','C0156' ,'Dine-in','02:22:00'), 
 ('O530','F014','C0115' ,'Dine-in','05:45:00'), 
 ('O531','F009','C0117' ,'Takeaway','01:03:00'), 
 ('O532','F027','C0165' ,'Takeaway','19:04:00'), 
 ('O533','F007','C0092' ,'Takeaway','07:06:00'), 
 ('O534','F001','C0052' ,'Room Delivery','06:05:00'), 
 ('O535','F023','C0037' ,'Takeaway','19:24:00'), 
 ('O536','F028','C0103' ,'Takeaway','15:34:00'), 
 ('O537','F031','C0079' ,'Dine-in','20:35:00'), 
 ('O538','F032','C0057' ,'Room Delivery','17:15:00'), 
 ('O539','F009','C0121' ,'Dine-in','04:45:00'), 
 ('O540','F017','C0050' ,'Room Delivery','16:13:00'), 
 ('O541','F019','C0075' ,'Dine-in','20:58:00'), 
 ('O542','F027','C0124' ,'Room Delivery','17:37:00'), 
 ('O543','F003','C0017' ,'Takeaway','07:23:00'), 
 ('O544','F028','C0154' ,'Room Delivery','07:11:00'), 
 ('O545','F019','C0021' ,'Room Delivery','19:38:00'), 
 ('O546','F029','C0181' ,'Takeaway','21:13:00'), 
 ('O547','F006','C0090' ,'Room Delivery','05:13:00'), 
 ('O548','F016','C0157' ,'Room Delivery','03:13:00'), 
 ('O549','F037','C0136' ,'Dine-in','07:10:00'), 
 ('O550','F027','C0108' ,'Dine-in','19:28:00'), 
 ('O551','F015','C0048' ,'Room Delivery','21:18:00'), 
 ('O552','F005','C0050' ,'Dine-in','21:52:00'), 
 ('O553','F014','C0018' ,'Room Delivery','21:38:00'), 
 ('O554','F010','C0128' ,'Takeaway','19:56:00'), 
 ('O555','F027','C0175' ,'Room Delivery','02:27:00'), 
 ('O556','F008','C0188' ,'Takeaway','04:44:00'), 
 ('O557','F032','C0143' ,'Room Delivery','00:50:00'), 
 ('O558','F002','C0097' ,'Room Delivery','18:20:00'), 
 ('O559','F011','C0056' ,'Room Delivery','23:59:00'), 
 ('O560','F018','C0096' ,'Dine-in','12:28:00'), 
 ('O561','F022','C0106' ,'Dine-in','21:44:00'), 
 ('O562','F018','C0139' ,'Dine-in','13:03:00'), 
 ('O563','F005','C0121' ,'Takeaway','07:24:00'), 
 ('O564','F009','C0001' ,'Room Delivery','08:10:00'), 
 ('O565','F029','C0159' ,'Room Delivery','09:28:00'), 
 ('O566','F037','C0001' ,'Dine-in','19:40:00'), 
 ('O567','F029','C0116' ,'Room Delivery','10:47:00'), 
 ('O568','F016','C0019' ,'Room Delivery','11:39:00'), 
 ('O569','F027','C0070' ,'Takeaway','15:36:00'), 
 ('O570','F016','C0019' ,'Takeaway','03:52:00'), 
 ('O571','F032','C0190' ,'Dine-in','09:15:00'), 
 ('O572','F038','C0142' ,'Dine-in','15:50:00'), 
 ('O573','F022','C0181' ,'Room Delivery','12:12:00'), 
 ('O574','F028','C0072' ,'Takeaway','06:13:00'), 
 ('O575','F034','C0121' ,'Takeaway','23:10:00'), 
 ('O576','F028','C0036' ,'Room Delivery','20:21:00'), 
 ('O577','F017','C0122' ,'Room Delivery','19:44:00'), 
 ('O578','F025','C0113' ,'Dine-in','01:55:00'), 
 ('O579','F006','C0137' ,'Takeaway','12:24:00'), 
 ('O580','F040','C0018' ,'Room Delivery','17:55:00'), 
 ('O581','F031','C0032' ,'Room Delivery','20:45:00'), 
 ('O582','F020','C0114' ,'Room Delivery','12:44:00'), 
 ('O583','F021','C0070' ,'Takeaway','23:25:00'), 
 ('O584','F014','C0019' ,'Dine-in','13:46:00'), 
 ('O585','F015','C0174' ,'Dine-in','07:44:00'), 
 ('O586','F018','C0187' ,'Dine-in','20:40:00'), 
 ('O587','F002','C0148' ,'Room Delivery','03:13:00'), 
 ('O588','F022','C0036' ,'Takeaway','10:20:00'), 
 ('O589','F007','C0084' ,'Dine-in','13:26:00'), 
 ('O590','F034','C0030' ,'Dine-in','05:44:00'), 
 ('O591','F028','C0002' ,'Room Delivery','18:38:00'), 
 ('O592','F023','C0107' ,'Dine-in','08:34:00'), 
 ('O593','F014','C0106' ,'Dine-in','17:10:00'), 
 ('O594','F014','C0156' ,'Takeaway','12:22:00'), 
 ('O595','F033','C0165' ,'Room Delivery','01:03:00'), 
 ('O596','F015','C0183' ,'Dine-in','09:44:00'), 
 ('O597','F037','C0102' ,'Dine-in','12:27:00'), 
 ('O598','F029','C0012' ,'Takeaway','19:13:00'), 
 ('O599','F017','C0100' ,'Room Delivery','11:08:00'), 
 ('O600','F021','C0003' ,'Room Delivery','23:52:00'), 
 ('O601','F027','C0012' ,'Room Delivery','00:51:00'), 
 ('O602','F008','C0019' ,'Dine-in','05:21:00'), 
 ('O603','F015','C0104' ,'Dine-in','08:58:00'), 
 ('O604','F005','C0193' ,'Room Delivery','13:57:00'), 
 ('O605','F002','C0156' ,'Room Delivery','04:58:00'), 
 ('O606','F010','C0057' ,'Room Delivery','11:00:00'), 
 ('O607','F017','C0136' ,'Room Delivery','22:58:00'), 
 ('O608','F011','C0127' ,'Dine-in','06:44:00'), 
 ('O609','F022','C0029' ,'Room Delivery','14:54:00'), 
 ('O610','F001','C0136' ,'Room Delivery','23:21:00'), 
 ('O611','F016','C0005' ,'Room Delivery','11:36:00'), 
 ('O612','F016','C0089' ,'Dine-in','08:12:00'), 
 ('O613','F030','C0073' ,'Room Delivery','11:26:00'), 
 ('O614','F036','C0183' ,'Dine-in','17:37:00'), 
 ('O615','F035','C0144' ,'Room Delivery','17:47:00'), 
 ('O616','F039','C0067' ,'Dine-in','18:59:00'), 
 ('O617','F006','C0171' ,'Takeaway','21:26:00'), 
 ('O618','F028','C0121' ,'Room Delivery','08:20:00'), 
 ('O619','F035','C0180' ,'Takeaway','01:42:00'), 
 ('O620','F040','C0143' ,'Dine-in','07:09:00'), 
 ('O621','F003','C0073' ,'Dine-in','15:06:00'), 
 ('O622','F019','C0034' ,'Room Delivery','16:11:00'), 
 ('O623','F009','C0094' ,'Room Delivery','17:09:00')

 insert into Finance
values 
('D1001',572,316,'H001'),
('D1002',666,469,'H001'),
('D1003',674,236,'H001'),
('D1004',536,438,'H001'),
('D2001',684,399,'H002'),
('D2002',526,433,'H002'),
('D2003',523,331,'H002'),
('D2004',557,268,'H002'),
('D3001',591,237,'H003'),
('D3002',698,236,'H003'),
('D3003',608,221,'H003'),
('D3004',597,418,'H003'),
('D4001',551,443,'H004'),
('D4002',698,221,'H004'),
('D4003',666,325,'H004'),
('D4004',570,390,'H004')

insert into Feedback
Values 
('FB001','C0001','D3001','Dissapointing',2),
('FB002','C0001','D3002','Good experience',4),
('FB003','C0001','D3003','Bad,but has some redeeming qualities',3),
('FB004','C0001','D3004', 'Terrible' ,1),
('FB005','C0002','D1001','Overrated',1),
('FB006','C0002','D1002','Dissapointing',2),
('FB007','C0002','D1003','Amazing Experience',5),
('FB008','C0002','D1004','Underrated',5),
('FB009','C0003','D4001','Average at best',3),
('FB010','C0003','D4002','Dissapointing',2),
('FB011','C0003','D4003','Borderline terrible',2),
('FB012','C0003','D4004','Borderline terrible',2),
('FB013','C0004','D1001','Dissapointing',2),
('FB014','C0004','D1002','Nice',4),
('FB015','C0004','D1003','Underrated',5),
('FB016','C0004','D1004','Bad,but has some redeeming qualities',3),
('FB017','C0005','D4001','Underrated',5),
('FB018','C0005','D4002','Dissapointing',2),
('FB019','C0005','D4003','Underrated',5),
('FB020','C0005','D4004','Bad,but has some redeeming qualities',3),
('FB021','C0006','D3001','Bad,but has some redeeming qualities',3),
('FB022','C0006','D3002','Overrated',1),
('FB023','C0006','D3003','Bad,but has some redeeming qualities',3),
('FB024','C0006','D3004','Dissapointing',2),
('FB025','C0007','D2001', 'Terrible' ,1),
('FB026','C0007','D2002','Overrated',1),
('FB027','C0007','D2003','Underrated',5),
('FB028','C0007','D2004','Underrated',5),
('FB029','C0008','D1001','Bad,but has some redeeming qualities',3),
('FB030','C0008','D1002','Borderline terrible',2),
('FB031','C0008','D1003','Nice',4),
('FB032','C0008','D1004','Borderline terrible',2),
('FB033','C0009','D3001','Bad,but has some redeeming qualities',3),
('FB034','C0009','D3002','Amazing Experience',5),
('FB035','C0009','D3003','Average at best',3),
('FB036','C0009','D3004','Overrated',1),
('FB037','C0010','D1001','Overrated',1),
('FB038','C0010','D1002','Underrated',5),
('FB039','C0010','D1003','Overrated',1),
('FB040','C0010','D1004','Dissapointing',2),
('FB041','C0011','D2001', 'Terrible' ,1),
('FB042','C0011','D2002','Dissapointing',2),
('FB043','C0011','D2003','Bad,but has some redeeming qualities',3),
('FB044','C0011','D2004','Nice',4),
('FB045','C0012','D2001','Good experience',4),
('FB046','C0012','D2002','Overrated',1),
('FB047','C0012','D2003','Nice',4),
('FB048','C0012','D2004','Bad,but has some redeeming qualities',3),
('FB049','C0013','D3001','Average at best',3),
('FB050','C0013','D3002','Dissapointing',2),
('FB051','C0013','D3003','Average at best',3),
('FB052','C0013','D3004','Bad,but has some redeeming qualities',3),
('FB053','C0014','D4001','Amazing Experience',5),
('FB054','C0014','D4002','Bad,but has some redeeming qualities',3),
('FB055','C0014','D4003','Bad,but has some redeeming qualities',3),
('FB056','C0014','D4004','Average at best',3),
('FB057','C0015','D1001','Borderline terrible',2),
('FB058','C0015','D1002','Borderline terrible',2),
('FB059','C0015','D1003','Amazing Experience',5),
('FB060','C0015','D1004','Dissapointing',2),
('FB061','C0016','D2001','Underrated',5),
('FB062','C0016','D2002','Amazing Experience',5),
('FB063','C0016','D2003','Nice',4),
('FB064','C0016','D2004','Nice',4),
('FB065','C0017','D2001','Amazing Experience',5),
('FB066','C0017','D2002','Nice',4),
('FB067','C0017','D2003','Dissapointing',2),
('FB068','C0017','D2004','Bad,but has some redeeming qualities',3),
('FB069','C0018','D1001','Dissapointing',2),
('FB070','C0018','D1002','Dissapointing',2),
('FB071','C0018','D1003','Average at best',3),
('FB072','C0018','D1004','Borderline terrible',2),
('FB073','C0019','D2001','Underrated',5),
('FB074','C0019','D2002','Bad,but has some redeeming qualities',3),
('FB075','C0019','D2003','Amazing Experience',5),
('FB076','C0019','D2004','Amazing Experience',5),
('FB077','C0020','D4001','Dissapointing',2),
('FB078','C0020','D4002', 'Terrible' ,1),
('FB079','C0020','D4003','Amazing Experience',5),
('FB080','C0020','D4004','Borderline terrible',2),
('FB081','C0021','D3001','Borderline terrible',2),
('FB082','C0021','D3002','Dissapointing',2),
('FB083','C0021','D3003','Dissapointing',2),
('FB084','C0021','D3004','Amazing Experience',5),
('FB085','C0022','D4001','Borderline terrible',2),
('FB086','C0022','D4002','Nice',4),
('FB087','C0022','D4003','Underrated',5),
('FB088','C0022','D4004','Bad,but has some redeeming qualities',3),
('FB089','C0023','D3001','Borderline terrible',2),
('FB090','C0023','D3002','Very bad',1),
('FB091','C0023','D3003', 'Terrible' ,1),
('FB092','C0023','D3004','Good experience',4),
('FB093','C0024','D2001','Nice',4),
('FB094','C0024','D2002','Amazing Experience',5),
('FB095','C0024','D2003','Nice',4),
('FB096','C0024','D2004','Bad,but has some redeeming qualities',3),
('FB097','C0025','D1001','Bad,but has some redeeming qualities',3),
('FB098','C0025','D1002','Dissapointing',2),
('FB099','C0025','D1003','Overrated',1),
('FB100','C0025','D1004','Dissapointing',2),
('FB101','C0026','D3001','Dissapointing',2),
('FB102','C0026','D3002','Very bad',1),
('FB103','C0026','D3003','Borderline terrible',2),
('FB104','C0026','D3004','Overrated',1),
('FB105','C0027','D3001','Bad,but has some redeeming qualities',3),
('FB106','C0027','D3002','Borderline terrible',2),
('FB107','C0027','D3003','Underrated',5),
('FB108','C0027','D3004','Average at best',3),
('FB109','C0028','D3001','Dissapointing',2),
('FB110','C0028','D3002','Underrated',5),
('FB111','C0028','D3003','Underrated',5),
('FB112','C0028','D3004','Amazing Experience',5),
('FB113','C0029','D4001','Nice',4),
('FB114','C0029','D4002','Nice',4),
('FB115','C0029','D4003','Nice',4),
('FB116','C0029','D4004','Dissapointing',2),
('FB117','C0030','D4001','Amazing Experience',5),
('FB118','C0030','D4002','Amazing Experience',5),
('FB119','C0030','D4003','Good experience',4),
('FB120','C0030','D4004','Amazing Experience',5),
('FB121','C0031','D4001','Overrated',1),
('FB122','C0031','D4002','Average at best',3),
('FB123','C0031','D4003','Underrated',5),
('FB124','C0031','D4004','Average at best',3),
('FB125','C0032','D3001','Nice',4),
('FB126','C0032','D3002','Very bad',1),
('FB127','C0032','D3003','Dissapointing',2),
('FB128','C0032','D3004','Borderline terrible',2),
('FB129','C0033','D1001','Very bad',1),
('FB130','C0033','D1002','Good experience',4),
('FB131','C0033','D1003','Amazing Experience',5),
('FB132','C0033','D1004','Average at best',3),
('FB133','C0034','D1001','Average at best',3),
('FB134','C0034','D1002','Bad,but has some redeeming qualities',3),
('FB135','C0034','D1003','Nice',4),
('FB136','C0034','D1004','Dissapointing',2),
('FB137','C0035','D4001','Borderline terrible',2),
('FB138','C0035','D4002','Average at best',3),
('FB139','C0035','D4003','Very bad',1),
('FB140','C0035','D4004','Amazing Experience',5),
('FB141','C0036','D1001','Average at best',3),
('FB142','C0036','D1002','Bad,but has some redeeming qualities',3),
('FB143','C0036','D1003','Borderline terrible',2),
('FB144','C0036','D1004','Amazing Experience',5),
('FB145','C0037','D1001','Good experience',4),
('FB146','C0037','D1002','Bad,but has some redeeming qualities',3),
('FB147','C0037','D1003','Average at best',3),
('FB148','C0037','D1004','Dissapointing',2),
('FB149','C0038','D1001','Bad,but has some redeeming qualities',3),
('FB150','C0038','D1002','Underrated',5),
('FB151','C0038','D1003','Dissapointing',2),
('FB152','C0038','D1004','Good experience',4),
('FB153','C0039','D2001','Good experience',4),
('FB154','C0039','D2002','Nice',4),
('FB155','C0039','D2003','Dissapointing',2),
('FB156','C0039','D2004', 'Terrible' ,1),
('FB157','C0040','D4001','Overrated',1),
('FB158','C0040','D4002','Amazing Experience',5),
('FB159','C0040','D4003','Average at best',3),
('FB160','C0040','D4004','Average at best',3),
('FB161','C0041','D3001','Dissapointing',2),
('FB162','C0041','D3002', 'Terrible' ,1),
('FB163','C0041','D3003', 'Terrible' ,1),
('FB164','C0041','D3004','Amazing Experience',5),
('FB165','C0042','D4001','Nice',4),
('FB166','C0042','D4002','Average at best',3),
('FB167','C0042','D4003','Overrated',1),
('FB168','C0042','D4004', 'Terrible' ,1),
('FB169','C0043','D2001','Average at best',3),
('FB170','C0043','D2002','Amazing Experience',5),
('FB171','C0043','D2003', 'Terrible' ,1),
('FB172','C0043','D2004','Bad,but has some redeeming qualities',3),
('FB173','C0044','D3001', 'Terrible' ,1),
('FB174','C0044','D3002','Overrated',1),
('FB175','C0044','D3003','Good experience',4),
('FB176','C0044','D3004','Underrated',5),
('FB177','C0045','D2001','Amazing Experience',5),
('FB178','C0045','D2002','Borderline terrible',2),
('FB179','C0045','D2003','Borderline terrible',2),
('FB180','C0045','D2004','Amazing Experience',5),
('FB181','C0046','D1001','Underrated',5),
('FB182','C0046','D1002','Dissapointing',2),
('FB183','C0046','D1003','Dissapointing',2),
('FB184','C0046','D1004','Nice',4),
('FB185','C0047','D4001','Very bad',1),
('FB186','C0047','D4002','Good experience',4),
('FB187','C0047','D4003','Borderline terrible',2),
('FB188','C0047','D4004','Average at best',3),
('FB189','C0048','D1001','Bad,but has some redeeming qualities',3),
('FB190','C0048','D1002', 'Terrible' ,1),
('FB191','C0048','D1003','Borderline terrible',2),
('FB192','C0048','D1004','Amazing Experience',5),
('FB193','C0049','D2001','Average at best',3),
('FB194','C0049','D2002','Good experience',4),
('FB195','C0049','D2003','Average at best',3),
('FB196','C0049','D2004','Very bad',1),
('FB197','C0050','D2001','Good experience',4),
('FB198','C0050','D2002','Average at best',3),
('FB199','C0050','D2003','Nice',4),
('FB200','C0050','D2004','Nice',4),
('FB201','C0051','D1001','Nice',4),
('FB202','C0051','D1002','Underrated',5),
('FB203','C0051','D1003','Bad,but has some redeeming qualities',3),
('FB204','C0051','D1004','Overrated',1),
('FB205','C0052','D1001','Very bad',1),
('FB206','C0052','D1002','Dissapointing',2),
('FB207','C0052','D1003','Nice',4),
('FB208','C0052','D1004','Underrated',5),
('FB209','C0053','D2001','Bad,but has some redeeming qualities',3),
('FB210','C0053','D2002','Nice',4),
('FB211','C0053','D2003','Average at best',3),
('FB212','C0053','D2004','Good experience',4),
('FB213','C0054','D3001','Bad,but has some redeeming qualities',3),
('FB214','C0054','D3002','Borderline terrible',2),
('FB215','C0054','D3003','Overrated',1),
('FB216','C0054','D3004','Borderline terrible',2),
('FB217','C0055','D2001','Bad,but has some redeeming qualities',3),
('FB218','C0055','D2002','Borderline terrible',2),
('FB219','C0055','D2003','Borderline terrible',2),
('FB220','C0055','D2004','Amazing Experience',5),
('FB221','C0056','D3001','Very bad',1),
('FB222','C0056','D3002','Average at best',3),
('FB223','C0056','D3003','Dissapointing',2),
('FB224','C0056','D3004','Nice',4),
('FB225','C0057','D3001','Borderline terrible',2),
('FB226','C0057','D3002', 'Terrible' ,1),
('FB227','C0057','D3003','Overrated',1),
('FB228','C0057','D3004','Underrated',5),
('FB229','C0058','D1001','Underrated',5),
('FB230','C0058','D1002','Underrated',5),
('FB231','C0058','D1003','Average at best',3),
('FB232','C0058','D1004','Amazing Experience',5),
('FB233','C0059','D2001','Borderline terrible',2),
('FB234','C0059','D2002','Average at best',3),
('FB235','C0059','D2003','Overrated',1),
('FB236','C0059','D2004','Bad,but has some redeeming qualities',3),
('FB237','C0060','D1001','Very bad',1),
('FB238','C0060','D1002','Borderline terrible',2),
('FB239','C0060','D1003','Good experience',4),
('FB240','C0060','D1004','Underrated',5),
('FB241','C0061','D2001','Overrated',1),
('FB242','C0061','D2002','Amazing Experience',5),
('FB243','C0061','D2003','Good experience',4),
('FB244','C0061','D2004', 'Terrible' ,1),
('FB245','C0062','D3001','Nice',4),
('FB246','C0062','D3002','Dissapointing',2),
('FB247','C0062','D3003','Very bad',1),
('FB248','C0062','D3004','Very bad',1),
('FB249','C0063','D1001','Average at best',3),
('FB250','C0063','D1002','Borderline terrible',2),
('FB251','C0063','D1003','Overrated',1),
('FB252','C0063','D1004','Dissapointing',2),
('FB253','C0064','D4001','Underrated',5),
('FB254','C0064','D4002','Average at best',3),
('FB255','C0064','D4003','Dissapointing',2),
('FB256','C0064','D4004','Borderline terrible',2),
('FB257','C0065','D4001','Borderline terrible',2),
('FB258','C0065','D4002','Underrated',5),
('FB259','C0065','D4003','Overrated',1),
('FB260','C0065','D4004','Underrated',5),
('FB261','C0066','D3001','Bad,but has some redeeming qualities',3),
('FB262','C0066','D3002','Borderline terrible',2),
('FB263','C0066','D3003','Average at best',3),
('FB264','C0066','D3004','Bad,but has some redeeming qualities',3),
('FB265','C0067','D2001','Bad,but has some redeeming qualities',3),
('FB266','C0067','D2002','Underrated',5),
('FB267','C0067','D2003','Dissapointing',2),
('FB268','C0067','D2004','Borderline terrible',2),
('FB269','C0068','D2001','Borderline terrible',2),
('FB270','C0068','D2002','Underrated',5),
('FB271','C0068','D2003','Overrated',1),
('FB272','C0068','D2004','Average at best',3),
('FB273','C0069','D1001','Dissapointing',2),
('FB274','C0069','D1002','Very bad',1),
('FB275','C0069','D1003','Average at best',3),
('FB276','C0069','D1004','Dissapointing',2),
('FB277','C0070','D1001','Dissapointing',2),
('FB278','C0070','D1002','Good experience',4),
('FB279','C0070','D1003','Borderline terrible',2),
('FB280','C0070','D1004','Borderline terrible',2),
('FB281','C0071','D2001','Amazing Experience',5),
('FB282','C0071','D2002', 'Terrible' ,1),
('FB283','C0071','D2003','Average at best',3),
('FB284','C0071','D2004','Average at best',3),
('FB285','C0072','D1001','Underrated',5),
('FB286','C0072','D1002','Amazing Experience',5),
('FB287','C0072','D1003','Overrated',1),
('FB288','C0072','D1004','Very bad',1),
('FB289','C0073','D4001','Amazing Experience',5),
('FB290','C0073','D4002','Dissapointing',2),
('FB291','C0073','D4003','Borderline terrible',2),
('FB292','C0073','D4004','Borderline terrible',2),
('FB293','C0074','D1001','Very bad',1),
('FB294','C0074','D1002','Amazing Experience',5),
('FB295','C0074','D1003', 'Terrible' ,1),
('FB296','C0074','D1004','Amazing Experience',5),
('FB297','C0075','D1001','Underrated',5),
('FB298','C0075','D1002','Bad,but has some redeeming qualities',3),
('FB299','C0075','D1003','Good experience',4),
('FB300','C0075','D1004','Amazing Experience',5),
('FB301','C0076','D2001','Amazing Experience',5),
('FB302','C0076','D2002','Very bad',1),
('FB303','C0076','D2003','Nice',4),
('FB304','C0076','D2004','Underrated',5),
('FB305','C0077','D1001','Good experience',4),
('FB306','C0077','D1002','Good experience',4),
('FB307','C0077','D1003','Dissapointing',2),
('FB308','C0077','D1004','Underrated',5),
('FB309','C0078','D4001','Underrated',5),
('FB310','C0078','D4002','Dissapointing',2),
('FB311','C0078','D4003','Amazing Experience',5),
('FB312','C0078','D4004','Amazing Experience',5),
('FB313','C0079','D3001','Underrated',5),
('FB314','C0079','D3002','Dissapointing',2),
('FB315','C0079','D3003','Bad,but has some redeeming qualities',3),
('FB316','C0079','D3004','Overrated',1),
('FB317','C0080','D4001','Nice',4),
('FB318','C0080','D4002','Amazing Experience',5),
('FB319','C0080','D4003', 'Terrible' ,1),
('FB320','C0080','D4004','Average at best',3),
('FB321','C0081','D3001','Underrated',5),
('FB322','C0081','D3002','Average at best',3),
('FB323','C0081','D3003','Nice',4),
('FB324','C0081','D3004','Amazing Experience',5),
('FB325','C0082','D3001','Overrated',1),
('FB326','C0082','D3002','Nice',4),
('FB327','C0082','D3003','Good experience',4),
('FB328','C0082','D3004','Dissapointing',2),
('FB329','C0083','D4001','Nice',4),
('FB330','C0083','D4002', 'Terrible' ,1),
('FB331','C0083','D4003', 'Terrible' ,1),
('FB332','C0083','D4004','Bad,but has some redeeming qualities',3),
('FB333','C0084','D2001','Borderline terrible',2),
('FB334','C0084','D2002','Good experience',4),
('FB335','C0084','D2003','Dissapointing',2),
('FB336','C0084','D2004','Very bad',1),
('FB337','C0085','D2001','Amazing Experience',5),
('FB338','C0085','D2002','Overrated',1),
('FB339','C0085','D2003','Underrated',5),
('FB340','C0085','D2004','Amazing Experience',5),
('FB341','C0086','D2001','Bad,but has some redeeming qualities',3),
('FB342','C0086','D2002','Nice',4),
('FB343','C0086','D2003','Very bad',1),
('FB344','C0086','D2004','Amazing Experience',5),
('FB345','C0087','D3001','Dissapointing',2),
('FB346','C0087','D3002','Dissapointing',2),
('FB347','C0087','D3003','Dissapointing',2),
('FB348','C0087','D3004','Average at best',3),
('FB349','C0088','D2001','Nice',4),
('FB350','C0088','D2002','Average at best',3),
('FB351','C0088','D2003','Nice',4),
('FB352','C0088','D2004','Nice',4),
('FB353','C0089','D1001','Underrated',5),
('FB354','C0089','D1002','Good experience',4),
('FB355','C0089','D1003','Average at best',3),
('FB356','C0089','D1004','Bad,but has some redeeming qualities',3),
('FB357','C0090','D2001','Borderline terrible',2),
('FB358','C0090','D2002','Underrated',5),
('FB359','C0090','D2003','Good experience',4),
('FB360','C0090','D2004','Bad,but has some redeeming qualities',3),
('FB361','C0091','D3001','Average at best',3),
('FB362','C0091','D3002','Good experience',4),
('FB363','C0091','D3003','Bad,but has some redeeming qualities',3),
('FB364','C0091','D3004','Very bad',1),
('FB365','C0092','D2001','Overrated',1),
('FB366','C0092','D2002','Good experience',4),
('FB367','C0092','D2003','Borderline terrible',2),
('FB368','C0092','D2004','Underrated',5),
('FB369','C0093','D1001','Underrated',5),
('FB370','C0093','D1002','Amazing Experience',5),
('FB371','C0093','D1003','Borderline terrible',2),
('FB372','C0093','D1004','Overrated',1),
('FB373','C0094','D1001','Borderline terrible',2),
('FB374','C0094','D1002','Amazing Experience',5),
('FB375','C0094','D1003','Underrated',5),
('FB376','C0094','D1004','Bad,but has some redeeming qualities',3),
('FB377','C0095','D3001','Amazing Experience',5),
('FB378','C0095','D3002','Overrated',1),
('FB379','C0095','D3003','Overrated',1),
('FB380','C0095','D3004','Nice',4),
('FB381','C0096','D4001','Bad,but has some redeeming qualities',3),
('FB382','C0096','D4002','Borderline terrible',2),
('FB383','C0096','D4003','Good experience',4),
('FB384','C0096','D4004','Average at best',3),
('FB385','C0097','D4001','Borderline terrible',2),
('FB386','C0097','D4002','Good experience',4),
('FB387','C0097','D4003','Nice',4),
('FB388','C0097','D4004','Borderline terrible',2),
('FB389','C0098','D1001','Amazing Experience',5),
('FB390','C0098','D1002','Average at best',3),
('FB391','C0098','D1003', 'Terrible' ,1),
('FB392','C0098','D1004','Dissapointing',2),
('FB393','C0099','D3001','Bad,but has some redeeming qualities',3),
('FB394','C0099','D3002','Overrated',1),
('FB395','C0099','D3003','Nice',4),
('FB396','C0099','D3004','Nice',4),
('FB397','C0100','D2001','Amazing Experience',5),
('FB398','C0100','D2002','Amazing Experience',5),
('FB399','C0100','D2003','Nice',4),
('FB400','C0100','D2004','Average at best',3),
('FB401','C0101','D3001','Dissapointing',2),
('FB402','C0101','D3002','Average at best',3),
('FB403','C0101','D3003','Borderline terrible',2),
('FB404','C0101','D3004','Underrated',5),
('FB405','C0102','D2001','Amazing Experience',5),
('FB406','C0102','D2002','Underrated',5),
('FB407','C0102','D2003','Very bad',1),
('FB408','C0102','D2004','Borderline terrible',2),
('FB409','C0103','D2001','Underrated',5),
('FB410','C0103','D2002','Amazing Experience',5),
('FB411','C0103','D2003','Underrated',5),
('FB412','C0103','D2004','Underrated',5),
('FB413','C0104','D3001','Average at best',3),
('FB414','C0104','D3002','Average at best',3),
('FB415','C0104','D3003','Average at best',3),
('FB416','C0104','D3004','Average at best',3),
('FB417','C0105','D1001', 'Terrible' ,1),
('FB418','C0105','D1002','Underrated',5),
('FB419','C0105','D1003','Borderline terrible',2),
('FB420','C0105','D1004','Underrated',5),
('FB421','C0106','D2001','Overrated',1),
('FB422','C0106','D2002','Dissapointing',2),
('FB423','C0106','D2003','Average at best',3),
('FB424','C0106','D2004','Nice',4),
('FB425','C0107','D3001','Nice',4),
('FB426','C0107','D3002','Overrated',1),
('FB427','C0107','D3003','Underrated',5),
('FB428','C0107','D3004','Very bad',1),
('FB429','C0108','D2001','Good experience',4),
('FB430','C0108','D2002','Amazing Experience',5),
('FB431','C0108','D2003','Underrated',5),
('FB432','C0108','D2004','Dissapointing',2),
('FB433','C0109','D3001','Nice',4),
('FB434','C0109','D3002','Borderline terrible',2),
('FB435','C0109','D3003','Borderline terrible',2),
('FB436','C0109','D3004','Good experience',4),
('FB437','C0110','D3001','Borderline terrible',2),
('FB438','C0110','D3002','Dissapointing',2),
('FB439','C0110','D3003','Nice',4),
('FB440','C0110','D3004','Amazing Experience',5),
('FB441','C0111','D3001','Good experience',4),
('FB442','C0111','D3002','Very bad',1),
('FB443','C0111','D3003','Bad,but has some redeeming qualities',3),
('FB444','C0111','D3004','Borderline terrible',2),
('FB445','C0112','D1001','Amazing Experience',5),
('FB446','C0112','D1002','Bad,but has some redeeming qualities',3),
('FB447','C0112','D1003','Nice',4),
('FB448','C0112','D1004','Borderline terrible',2),
('FB449','C0113','D3001', 'Terrible' ,1),
('FB450','C0113','D3002','Nice',4),
('FB451','C0113','D3003','Borderline terrible',2),
('FB452','C0113','D3004','Good experience',4),
('FB453','C0114','D4001','Nice',4),
('FB454','C0114','D4002','Overrated',1),
('FB455','C0114','D4003', 'Terrible' ,1),
('FB456','C0114','D4004','Underrated',5),
('FB457','C0115','D2001','Nice',4),
('FB458','C0115','D2002','Underrated',5),
('FB459','C0115','D2003','Underrated',5),
('FB460','C0115','D2004','Nice',4),
('FB461','C0116','D4001','Borderline terrible',2),
('FB462','C0116','D4002','Amazing Experience',5),
('FB463','C0116','D4003','Underrated',5),
('FB464','C0116','D4004','Good experience',4),
('FB465','C0117','D1001','Very bad',1),
('FB466','C0117','D1002', 'Terrible' ,1),
('FB467','C0117','D1003','Overrated',1),
('FB468','C0117','D1004','Nice',4),
('FB469','C0118','D2001','Borderline terrible',2),
('FB470','C0118','D2002','Overrated',1),
('FB471','C0118','D2003','Overrated',1),
('FB472','C0118','D2004','Average at best',3),
('FB473','C0119','D3001','Dissapointing',2),
('FB474','C0119','D3002','Dissapointing',2),
('FB475','C0119','D3003','Average at best',3),
('FB476','C0119','D3004','Amazing Experience',5),
('FB477','C0120','D1001','Nice',4),
('FB478','C0120','D1002','Dissapointing',2),
('FB479','C0120','D1003','Borderline terrible',2),
('FB480','C0120','D1004','Underrated',5),
('FB481','C0121','D1001','Underrated',5),
('FB482','C0121','D1002','Bad,but has some redeeming qualities',3),
('FB483','C0121','D1003','Borderline terrible',2),
('FB484','C0121','D1004','Borderline terrible',2),
('FB485','C0122','D3001','Underrated',5),
('FB486','C0122','D3002','Amazing Experience',5),
('FB487','C0122','D3003', 'Terrible' ,1),
('FB488','C0122','D3004','Nice',4),
('FB489','C0123','D2001','Amazing Experience',5),
('FB490','C0123','D2002','Good experience',4),
('FB491','C0123','D2003','Good experience',4),
('FB492','C0123','D2004','Underrated',5),
('FB493','C0124','D1001','Very bad',1),
('FB494','C0124','D1002','Bad,but has some redeeming qualities',3),
('FB495','C0124','D1003','Underrated',5),
('FB496','C0124','D1004','Amazing Experience',5),
('FB497','C0125','D1001','Bad,but has some redeeming qualities',3),
('FB498','C0125','D1002','Underrated',5),
('FB499','C0125','D1003','Very bad',1),
('FB500','C0125','D1004','Very bad',1),
('FB501','C0126','D4001','Dissapointing',2),
('FB502','C0126','D4002','Bad,but has some redeeming qualities',3),
('FB503','C0126','D4003','Borderline terrible',2),
('FB504','C0126','D4004', 'Terrible' ,1),
('FB505','C0127','D3001','Borderline terrible',2),
('FB506','C0127','D3002','Underrated',5),
('FB507','C0127','D3003','Average at best',3),
('FB508','C0127','D3004','Borderline terrible',2),
('FB509','C0128','D2001','Amazing Experience',5),
('FB510','C0128','D2002', 'Terrible' ,1),
('FB511','C0128','D2003','Overrated',1),
('FB512','C0128','D2004','Amazing Experience',5),
('FB513','C0129','D4001','Dissapointing',2),
('FB514','C0129','D4002','Very bad',1),
('FB515','C0129','D4003','Average at best',3),
('FB516','C0129','D4004','Dissapointing',2),
('FB517','C0130','D4001','Overrated',1),
('FB518','C0130','D4002','Amazing Experience',5),
('FB519','C0130','D4003','Bad,but has some redeeming qualities',3),
('FB520','C0130','D4004','Very bad',1),
('FB521','C0131','D4001','Overrated',1),
('FB522','C0131','D4002', 'Terrible' ,1),
('FB523','C0131','D4003','Borderline terrible',2),
('FB524','C0131','D4004', 'Terrible' ,1),
('FB525','C0132','D2001','Underrated',5),
('FB526','C0132','D2002','Amazing Experience',5),
('FB527','C0132','D2003','Overrated',1),
('FB528','C0132','D2004','Very bad',1),
('FB529','C0133','D3001','Amazing Experience',5),
('FB530','C0133','D3002','Good experience',4),
('FB531','C0133','D3003','Borderline terrible',2),
('FB532','C0133','D3004','Nice',4),
('FB533','C0134','D1001','Underrated',5),
('FB534','C0134','D1002','Good experience',4),
('FB535','C0134','D1003','Overrated',1),
('FB536','C0134','D1004','Very bad',1),
('FB537','C0135','D1001','Dissapointing',2),
('FB538','C0135','D1002','Good experience',4),
('FB539','C0135','D1003','Borderline terrible',2),
('FB540','C0135','D1004','Average at best',3),
('FB541','C0136','D2001', 'Terrible' ,1),
('FB542','C0136','D2002', 'Terrible' ,1),
('FB543','C0136','D2003','Bad,but has some redeeming qualities',3),
('FB544','C0136','D2004','Underrated',5),
('FB545','C0137','D1001','Dissapointing',2),
('FB546','C0137','D1002','Bad,but has some redeeming qualities',3),
('FB547','C0137','D1003','Underrated',5),
('FB548','C0137','D1004','Nice',4),
('FB549','C0138','D2001','Nice',4),
('FB550','C0138','D2002','Underrated',5),
('FB551','C0138','D2003','Bad,but has some redeeming qualities',3),
('FB552','C0138','D2004','Average at best',3),
('FB553','C0139','D2001','Underrated',5),
('FB554','C0139','D2002','Nice',4),
('FB555','C0139','D2003','Bad,but has some redeeming qualities',3),
('FB556','C0139','D2004','Amazing Experience',5),
('FB557','C0140','D1001','Overrated',1),
('FB558','C0140','D1002','Amazing Experience',5),
('FB559','C0140','D1003','Average at best',3),
('FB560','C0140','D1004','Very bad',1),
('FB561','C0141','D2001','Nice',4),
('FB562','C0141','D2002','Underrated',5),
('FB563','C0141','D2003','Amazing Experience',5),
('FB564','C0141','D2004','Overrated',1),
('FB565','C0142','D3001','Bad,but has some redeeming qualities',3),
('FB566','C0142','D3002','Nice',4),
('FB567','C0142','D3003','Borderline terrible',2),
('FB568','C0142','D3004','Very bad',1),
('FB569','C0143','D1001','Average at best',3),
('FB570','C0143','D1002','Good experience',4),
('FB571','C0143','D1003', 'Terrible' ,1),
('FB572','C0143','D1004','Good experience',4),
('FB573','C0144','D1001','Very bad',1),
('FB574','C0144','D1002','Dissapointing',2),
('FB575','C0144','D1003','Borderline terrible',2),
('FB576','C0144','D1004','Underrated',5),
('FB577','C0145','D2001','Bad,but has some redeeming qualities',3),
('FB578','C0145','D2002', 'Terrible' ,1),
('FB579','C0145','D2003','Very bad',1),
('FB580','C0145','D2004','Amazing Experience',5),
('FB581','C0146','D2001','Good experience',4),
('FB582','C0146','D2002','Bad,but has some redeeming qualities',3),
('FB583','C0146','D2003','Average at best',3),
('FB584','C0146','D2004','Dissapointing',2),
('FB585','C0147','D3001','Good experience',4),
('FB586','C0147','D3002','Good experience',4),
('FB587','C0147','D3003','Overrated',1),
('FB588','C0147','D3004','Very bad',1),
('FB589','C0148','D2001','Overrated',1),
('FB590','C0148','D2002','Borderline terrible',2),
('FB591','C0148','D2003','Dissapointing',2),
('FB592','C0148','D2004','Nice',4),
('FB593','C0149','D4001','Very bad',1),
('FB594','C0149','D4002','Underrated',5),
('FB595','C0149','D4003','Nice',4),
('FB596','C0149','D4004','Dissapointing',2),
('FB597','C0150','D2001','Dissapointing',2),
('FB598','C0150','D2002','Average at best',3),
('FB599','C0150','D2003','Good experience',4),
('FB600','C0150','D2004', 'Terrible' ,1),
('FB601','C0151','D4001','Dissapointing',2),
('FB602','C0151','D4002','Bad,but has some redeeming qualities',3),
('FB603','C0151','D4003', 'Terrible' ,1),
('FB604','C0151','D4004','Dissapointing',2),
('FB605','C0152','D3001','Good experience',4),
('FB606','C0152','D3002','Amazing Experience',5),
('FB607','C0152','D3003','Nice',4),
('FB608','C0152','D3004','Nice',4),
('FB609','C0153','D3001','Average at best',3),
('FB610','C0153','D3002','Borderline terrible',2),
('FB611','C0153','D3003','Dissapointing',2),
('FB612','C0153','D3004','Dissapointing',2),
('FB613','C0154','D2001','Average at best',3),
('FB614','C0154','D2002','Nice',4),
('FB615','C0154','D2003', 'Terrible' ,1),
('FB616','C0154','D2004','Borderline terrible',2),
('FB617','C0155','D2001','Average at best',3),
('FB618','C0155','D2002','Borderline terrible',2),
('FB619','C0155','D2003','Good experience',4),
('FB620','C0155','D2004','Dissapointing',2),
('FB621','C0156','D4001','Underrated',5),
('FB622','C0156','D4002','Borderline terrible',2),
('FB623','C0156','D4003','Overrated',1),
('FB624','C0156','D4004','Overrated',1),
('FB625','C0157','D1001','Dissapointing',2),
('FB626','C0157','D1002','Very bad',1),
('FB627','C0157','D1003','Dissapointing',2),
('FB628','C0157','D1004','Nice',4),
('FB629','C0158','D2001','Borderline terrible',2),
('FB630','C0158','D2002','Amazing Experience',5),
('FB631','C0158','D2003','Bad,but has some redeeming qualities',3),
('FB632','C0158','D2004','Good experience',4),
('FB633','C0159','D3001','Good experience',4),
('FB634','C0159','D3002','Amazing Experience',5),
('FB635','C0159','D3003','Good experience',4),
('FB636','C0159','D3004','Borderline terrible',2),
('FB637','C0160','D4001','Underrated',5),
('FB638','C0160','D4002','Borderline terrible',2),
('FB639','C0160','D4003','Average at best',3),
('FB640','C0160','D4004','Borderline terrible',2),
('FB641','C0161','D4001','Dissapointing',2),
('FB642','C0161','D4002','Average at best',3),
('FB643','C0161','D4003','Average at best',3),
('FB644','C0161','D4004','Nice',4),
('FB645','C0162','D4001','Dissapointing',2),
('FB646','C0162','D4002','Overrated',1),
('FB647','C0162','D4003','Nice',4),
('FB648','C0162','D4004','Nice',4),
('FB649','C0163','D3001','Bad,but has some redeeming qualities',3),
('FB650','C0163','D3002','Overrated',1),
('FB651','C0163','D3003','Bad,but has some redeeming qualities',3),
('FB652','C0163','D3004','Borderline terrible',2),
('FB653','C0164','D1001', 'Terrible' ,1),
('FB654','C0164','D1002','Good experience',4),
('FB655','C0164','D1003','Average at best',3),
('FB656','C0164','D1004','Underrated',5),
('FB657','C0165','D4001','Borderline terrible',2),
('FB658','C0165','D4002','Very bad',1),
('FB659','C0165','D4003','Amazing Experience',5),
('FB660','C0165','D4004','Underrated',5),
('FB661','C0166','D2001','Average at best',3),
('FB662','C0166','D2002','Amazing Experience',5),
('FB663','C0166','D2003','Underrated',5),
('FB664','C0166','D2004','Good experience',4),
('FB665','C0167','D4001','Borderline terrible',2),
('FB666','C0167','D4002','Borderline terrible',2),
('FB667','C0167','D4003','Dissapointing',2),
('FB668','C0167','D4004','Good experience',4),
('FB669','C0168','D1001','Bad,but has some redeeming qualities',3),
('FB670','C0168','D1002','Dissapointing',2),
('FB671','C0168','D1003','Underrated',5),
('FB672','C0168','D1004','Underrated',5),
('FB673','C0169','D4001','Dissapointing',2),
('FB674','C0169','D4002','Underrated',5),
('FB675','C0169','D4003','Borderline terrible',2),
('FB676','C0169','D4004','Very bad',1),
('FB677','C0170','D4001','Bad,but has some redeeming qualities',3),
('FB678','C0170','D4002','Average at best',3),
('FB679','C0170','D4003','Good experience',4),
('FB680','C0170','D4004','Overrated',1),
('FB681','C0171','D3001','Very bad',1),
('FB682','C0171','D3002','Bad,but has some redeeming qualities',3),
('FB683','C0171','D3003','Bad,but has some redeeming qualities',3),
('FB684','C0171','D3004','Nice',4),
('FB685','C0172','D1001','Borderline terrible',2),
('FB686','C0172','D1002','Bad,but has some redeeming qualities',3),
('FB687','C0172','D1003','Dissapointing',2),
('FB688','C0172','D1004','Borderline terrible',2),
('FB689','C0173','D3001','Nice',4),
('FB690','C0173','D3002','Average at best',3),
('FB691','C0173','D3003','Underrated',5),
('FB692','C0173','D3004','Bad,but has some redeeming qualities',3),
('FB693','C0174','D3001','Very bad',1),
('FB694','C0174','D3002','Very bad',1),
('FB695','C0174','D3003','Underrated',5),
('FB696','C0174','D3004','Underrated',5),
('FB697','C0175','D1001','Overrated',1),
('FB698','C0175','D1002','Nice',4),
('FB699','C0175','D1003','Underrated',5),
('FB700','C0175','D1004','Good experience',4),
('FB701','C0176','D4001','Underrated',5),
('FB702','C0176','D4002','Very bad',1),
('FB703','C0176','D4003', 'Terrible' ,1),
('FB704','C0176','D4004','Good experience',4),
('FB705','C0177','D4001','Dissapointing',2),
('FB706','C0177','D4002','Overrated',1),
('FB707','C0177','D4003','Good experience',4),
('FB708','C0177','D4004','Borderline terrible',2),
('FB709','C0178','D2001','Bad,but has some redeeming qualities',3),
('FB710','C0178','D2002','Underrated',5),
('FB711','C0178','D2003','Average at best',3),
('FB712','C0178','D2004', 'Terrible' ,1),
('FB713','C0179','D2001', 'Terrible' ,1),
('FB714','C0179','D2002','Amazing Experience',5),
('FB715','C0179','D2003','Good experience',4),
('FB716','C0179','D2004','Bad,but has some redeeming qualities',3),
('FB717','C0180','D4001','Bad,but has some redeeming qualities',3),
('FB718','C0180','D4002','Very bad',1),
('FB719','C0180','D4003','Nice',4),
('FB720','C0180','D4004','Overrated',1),
('FB721','C0181','D1001','Underrated',5),
('FB722','C0181','D1002','Bad,but has some redeeming qualities',3),
('FB723','C0181','D1003','Average at best',3),
('FB724','C0181','D1004','Average at best',3),
('FB725','C0182','D2001','Good experience',4),
('FB726','C0182','D2002','Borderline terrible',2),
('FB727','C0182','D2003','Bad,but has some redeeming qualities',3),
('FB728','C0182','D2004','Average at best',3),
('FB729','C0183','D2001','Dissapointing',2),
('FB730','C0183','D2002','Bad,but has some redeeming qualities',3),
('FB731','C0183','D2003','Average at best',3),
('FB732','C0183','D2004','Good experience',4),
('FB733','C0184','D3001','Borderline terrible',2),
('FB734','C0184','D3002','Very bad',1),
('FB735','C0184','D3003','Average at best',3),
('FB736','C0184','D3004','Borderline terrible',2),
('FB737','C0185','D3001','Bad,but has some redeeming qualities',3),
('FB738','C0185','D3002','Amazing Experience',5),
('FB739','C0185','D3003','Underrated',5),
('FB740','C0185','D3004','Average at best',3),
('FB741','C0186','D2001','Underrated',5),
('FB742','C0186','D2002','Dissapointing',2),
('FB743','C0186','D2003','Borderline terrible',2),
('FB744','C0186','D2004','Overrated',1),
('FB745','C0187','D2001','Good experience',4),
('FB746','C0187','D2002','Bad,but has some redeeming qualities',3),
('FB747','C0187','D2003','Borderline terrible',2),
('FB748','C0187','D2004','Very bad',1),
('FB749','C0188','D2001','Underrated',5),
('FB750','C0188','D2002','Borderline terrible',2),
('FB751','C0188','D2003','Underrated',5),
('FB752','C0188','D2004','Nice',4),
('FB753','C0189','D3001','Very bad',1),
('FB754','C0189','D3002','Good experience',4),
('FB755','C0189','D3003','Average at best',3),
('FB756','C0189','D3004','Bad,but has some redeeming qualities',3),
('FB757','C0190','D3001','Dissapointing',2),
('FB758','C0190','D3002','Very bad',1),
('FB759','C0190','D3003','Nice',4),
('FB760','C0190','D3004','Nice',4),
('FB761','C0191','D2001','Underrated',5),
('FB762','C0191','D2002','Nice',4),
('FB763','C0191','D2003','Nice',4),
('FB764','C0191','D2004','Dissapointing',2),
('FB765','C0192','D1001','Overrated',1),
('FB766','C0192','D1002','Good experience',4),
('FB767','C0192','D1003','Good experience',4),
('FB768','C0192','D1004','Bad,but has some redeeming qualities',3),
('FB769','C0193','D2001','Underrated',5),
('FB770','C0193','D2002','Amazing Experience',5),
('FB771','C0193','D2003','Dissapointing',2),
('FB772','C0193','D2004', 'Terrible' ,1),
('FB773','C0194','D4001','Average at best',3),
('FB774','C0194','D4002','Nice',4),
('FB775','C0194','D4003','Underrated',5),
('FB776','C0194','D4004','Bad,but has some redeeming qualities',3),
('FB777','C0195','D4001','Very bad',1),
('FB778','C0195','D4002','Borderline terrible',2),
('FB779','C0195','D4003','Amazing Experience',5),
('FB780','C0195','D4004','Nice',4),
('FB781','C0196','D4001','Overrated',1),
('FB782','C0196','D4002','Nice',4),
('FB783','C0196','D4003','Nice',4),
('FB784','C0196','D4004','Overrated',1),
('FB785','C0197','D3001','Overrated',1),
('FB786','C0197','D3002','Underrated',5),
('FB787','C0197','D3003','Very bad',1),
('FB788','C0197','D3004','Good experience',4),
('FB789','C0198','D1001','Average at best',3),
('FB790','C0198','D1002','Borderline terrible',2),
('FB791','C0198','D1003','Very bad',1),
('FB792','C0198','D1004','Bad,but has some redeeming qualities',3)
